{
   "code" : "29-1051.00",
   "title" : "Pharmacists",
   "tags" : {
      "bright_outlook" : false,
      "green" : false
   },
   "description" : "Dispense drugs prescribed by physicians and other health practitioners and provide information to patients about medications and their use. May advise physicians and other health practitioners on the selection, dosage, interactions, and side effects of medications.",
   "sample_of_reported_job_titles" : {
      "title" : [
         "Clinical Pharmacist",
         "Hospital Pharmacist",
         "Outpatient Pharmacy Manager",
         "Pharmacist",
         "Pharmacist in Charge (PIC)",
         "Pharmacist in Charge, Owner (PIC, Owner)",
         "Pharmacy Informaticist",
         "Registered Pharmacist",
         "Staff Pharmacist",
         "Staff Pharmacist, Hospital"
      ]
   },
   "updated" : {
      "partial" : false,
      "year" : 2017,
      "resource_updated" : [
         {
            "title" : "Abilities",
            "source" : "Analyst",
            "year" : 2013
         },
         {
            "title" : "Alternate Titles",
            "source" : "Multiple sources",
            "year" : 2017
         },
         {
            "title" : "Detailed Work Activities",
            "source" : "Analyst",
            "year" : 2014
         },
         {
            "title" : "Education",
            "source" : "Incumbent",
            "year" : 2013
         },
         {
            "title" : "Interests",
            "source" : "Analyst",
            "year" : 2008
         },
         {
            "title" : "Job Zone",
            "source" : "Analyst",
            "year" : 2013
         },
         {
            "title" : "Knowledge",
            "source" : "Incumbent",
            "year" : 2013
         },
         {
            "title" : "Sample of Reported Titles",
            "source" : "Incumbent",
            "year" : 2013
         },
         {
            "title" : "Skills",
            "source" : "Analyst",
            "year" : 2013
         },
         {
            "title" : "Tasks",
            "source" : "Incumbent",
            "year" : 2013
         },
         {
            "title" : "Tools & Technology",
            "source" : "Employer Job Postings",
            "year" : 2016
         },
         {
            "title" : "Work Activities",
            "source" : "Incumbent",
            "year" : 2013
         },
         {
            "title" : "Work Context",
            "source" : "Incumbent",
            "year" : 2013
         },
         {
            "title" : "Work Needs",
            "source" : "Legacy Analyst"
         },
         {
            "title" : "Work Styles",
            "source" : "Incumbent",
            "year" : 2013
         },
         {
            "title" : "Work Values",
            "source" : "Analyst",
            "year" : 2008
         }
      ]
   },
   "summary_resources" : {
      "resource" : [
         {
            "href" : "https://services.onetcenter.org/ws/online/occupations/29-1051.00/summary/tasks",
            "title" : "Tasks"
         },
         {
            "href" : "https://services.onetcenter.org/ws/online/occupations/29-1051.00/summary/technology_skills",
            "title" : "Technology Skills"
         },
         {
            "href" : "https://services.onetcenter.org/ws/online/occupations/29-1051.00/summary/tools_used",
            "title" : "Tools Used"
         },
         {
            "href" : "https://services.onetcenter.org/ws/online/occupations/29-1051.00/summary/tools_technology",
            "title" : "Tools &amp; Technology"
         },
         {
            "href" : "https://services.onetcenter.org/ws/online/occupations/29-1051.00/summary/knowledge",
            "title" : "Knowledge"
         },
         {
            "href" : "https://services.onetcenter.org/ws/online/occupations/29-1051.00/summary/skills",
            "title" : "Skills"
         },
         {
            "href" : "https://services.onetcenter.org/ws/online/occupations/29-1051.00/summary/abilities",
            "title" : "Abilities"
         },
         {
            "href" : "https://services.onetcenter.org/ws/online/occupations/29-1051.00/summary/work_activities",
            "title" : "Work Activities"
         },
         {
            "href" : "https://services.onetcenter.org/ws/online/occupations/29-1051.00/summary/detailed_work_activities",
            "title" : "Detailed Work Activities"
         },
         {
            "href" : "https://services.onetcenter.org/ws/online/occupations/29-1051.00/summary/work_context",
            "title" : "Work Context"
         },
         {
            "href" : "https://services.onetcenter.org/ws/online/occupations/29-1051.00/summary/job_zone",
            "title" : "Job Zone"
         },
         {
            "href" : "https://services.onetcenter.org/ws/online/occupations/29-1051.00/summary/education",
            "title" : "Education"
         },
         {
            "href" : "https://services.onetcenter.org/ws/online/occupations/29-1051.00/summary/interests",
            "title" : "Interests"
         },
         {
            "href" : "https://services.onetcenter.org/ws/online/occupations/29-1051.00/summary/work_styles",
            "title" : "Work Styles"
         },
         {
            "href" : "https://services.onetcenter.org/ws/online/occupations/29-1051.00/summary/work_values",
            "title" : "Work Values"
         },
         {
            "href" : "https://services.onetcenter.org/ws/online/occupations/29-1051.00/summary/related_occupations",
            "title" : "Related Occupations"
         },
         {
            "href" : "https://services.onetcenter.org/ws/online/occupations/29-1051.00/summary/additional_information",
            "title" : "Sources of Additional Information"
         }
      ]
   },
   "details_resources" : {
      "resource" : [
         {
            "href" : "https://services.onetcenter.org/ws/online/occupations/29-1051.00/details/tasks",
            "title" : "Tasks"
         },
         {
            "href" : "https://services.onetcenter.org/ws/online/occupations/29-1051.00/details/technology_skills",
            "title" : "Technology Skills"
         },
         {
            "href" : "https://services.onetcenter.org/ws/online/occupations/29-1051.00/details/tools_used",
            "title" : "Tools Used"
         },
         {
            "href" : "https://services.onetcenter.org/ws/online/occupations/29-1051.00/details/tools_technology",
            "title" : "Tools &amp; Technology"
         },
         {
            "href" : "https://services.onetcenter.org/ws/online/occupations/29-1051.00/details/knowledge",
            "title" : "Knowledge"
         },
         {
            "href" : "https://services.onetcenter.org/ws/online/occupations/29-1051.00/details/skills",
            "title" : "Skills"
         },
         {
            "href" : "https://services.onetcenter.org/ws/online/occupations/29-1051.00/details/abilities",
            "title" : "Abilities"
         },
         {
            "href" : "https://services.onetcenter.org/ws/online/occupations/29-1051.00/details/work_activities",
            "title" : "Work Activities"
         },
         {
            "href" : "https://services.onetcenter.org/ws/online/occupations/29-1051.00/details/detailed_work_activities",
            "title" : "Detailed Work Activities"
         },
         {
            "href" : "https://services.onetcenter.org/ws/online/occupations/29-1051.00/details/work_context",
            "title" : "Work Context"
         },
         {
            "href" : "https://services.onetcenter.org/ws/online/occupations/29-1051.00/details/job_zone",
            "title" : "Job Zone"
         },
         {
            "href" : "https://services.onetcenter.org/ws/online/occupations/29-1051.00/details/education",
            "title" : "Education"
         },
         {
            "href" : "https://services.onetcenter.org/ws/online/occupations/29-1051.00/details/interests",
            "title" : "Interests"
         },
         {
            "href" : "https://services.onetcenter.org/ws/online/occupations/29-1051.00/details/work_styles",
            "title" : "Work Styles"
         },
         {
            "href" : "https://services.onetcenter.org/ws/online/occupations/29-1051.00/details/work_values",
            "title" : "Work Values"
         },
         {
            "href" : "https://services.onetcenter.org/ws/online/occupations/29-1051.00/details/related_occupations",
            "title" : "Related Occupations"
         },
         {
            "href" : "https://services.onetcenter.org/ws/online/occupations/29-1051.00/details/additional_information",
            "title" : "Sources of Additional Information"
         }
      ]
   },
   "custom_resources" : {
      "resource" : [
         {
            "href" : "https://services.onetcenter.org/ws/online/occupations/29-1051.00/custom/work_activities_outline",
            "title" : "Work Activities Outline"
         }
      ]
   }
}
