,Capital Region,,Central New York Region,,Finger Lakes Region,,Hudson Valley Region,,Long Island Region,,Mohawk Valley Region,,New York City Region,,New York State,,North Country Region,,Southern Tier Region,,Western New York Region,
SOC_CODE,Sum of Employment,Sum of Probability,Sum of Employment,Sum of Probability,Sum of Employment,Sum of Probability,Sum of Employment,Sum of Probability,Sum of Employment,Sum of Probability,Sum of Employment,Sum of Probability,Sum of Employment,Sum of Probability,Sum of Employment,Sum of Probability,Sum of Employment,Sum of Probability,Sum of Employment,Sum of Probability,Sum of Employment,Sum of Probability
11-1011,1050,0.015,570,0.015,880,0.015,1480,0.015,1910,0.015,300,0.015,7350,0.015,15410,0.015,360,0.015,480,0.015,910,0.015
11-1021,8270,0.16,5700,0.16,9200,0.16,16690,0.16,24590,0.16,2600,0.16,77730,0.16,162890,0.16,1980,0.16,4300,0.16,10910,0.16
11-2011,60,0.039,0,0.039,60,0.039,120,0.039,,,0,0.039,4550,0.039,5140,0.039,,,0,0.039,70,0.039
11-2021,340,0.014,200,0.014,670,0.014,810,0.014,1110,0.014,70,0.014,12490,0.014,16510,0.014,50,0.014,170,0.014,430,0.014
11-2022,680,0.013,550,0.013,1040,0.013,1560,0.013,1990,0.013,150,0.013,12490,0.013,20180,0.013,50,0.013,200,0.013,1160,0.013
11-2031,420,0.015,110,0.015,200,0.015,340,0.015,280,0.015,,,4270,0.015,6050,0.015,30,0.015,160,0.015,180,0.015
11-3011,940,0.73,430,0.73,870,0.73,1670,0.73,2620,0.73,180,0.73,10260,0.73,18510,0.73,180,0.73,350,0.73,810,0.73
11-3021,1470,0.035,520,0.035,1300,0.035,1900,0.035,2560,0.035,140,0.035,16270,0.035,25990,0.035,80,0.035,430,0.035,1070,0.035
11-3031,1570,0.069,840,0.069,1370,0.069,2600,0.069,3690,0.069,540,0.069,27050,0.069,40250,0.069,190,0.069,560,0.069,1620,0.069
11-3051,440,0.03,300,0.03,610,0.03,540,0.03,840,0.03,90,0.03,940,0.03,4780,0.03,110,0.03,280,0.03,600,0.03
11-3061,400,0.03,90,0.03,190,0.03,350,0.03,510,0.03,0,0.03,1890,0.03,3890,0.03,0,0.03,160,0.03,210,0.03
11-3071,170,0.59,130,0.59,140,0.59,350,0.59,570,0.59,0,0.59,1300,0.59,3340,0.59,40,0.59,90,0.59,240,0.59
11-3111,120,0.96,0,0.96,70,0.96,0,0.96,120,0.96,,,970,0.96,1490,0.96,,,0,0.96,60,0.96
11-3121,640,0.0055,170,0.0055,390,0.0055,530,0.0055,790,0.0055,80,0.0055,6850,0.0055,10090,0.0055,40,0.0055,170,0.0055,340,0.0055
11-3131,190,0.0063,60,0.0063,250,0.0063,300,0.0063,220,0.0063,0,0.0063,1790,0.0063,3040,0.0063,20,0.0063,0,0.0063,110,0.0063
11-9013,,,,,,,,,,,,,,,0,0.047,,,,,,
11-9021,710,0.071,340,0.071,840,0.071,1260,0.071,1650,0.071,,,6660,0.071,12630,0.071,120,0.071,230,0.071,530,0.071
11-9031,310,0.015,160,0.015,,,640,0.015,750,0.015,90,0.015,2250,0.015,4860,0.015,30,0.015,100,0.015,320,0.015
11-9032,770,0.0046,530,0.0046,1150,0.0046,3090,0.0046,2730,0.0046,380,0.0046,8440,0.0046,19260,0.0046,310,0.0046,570,0.0046,1290,0.0046
11-9033,670,0.01,420,0.01,950,0.01,890,0.01,1070,0.01,240,0.01,5770,0.01,11380,0.01,230,0.01,500,0.01,640,0.01
11-9041,720,0.017,360,0.017,690,0.017,900,0.017,820,0.017,0,0.017,2730,0.017,7430,0.017,40,0.017,420,0.017,590,0.017
11-9051,370,0.083,270,0.083,490,0.083,860,0.083,890,0.083,120,0.083,2180,0.083,6010,0.083,100,0.083,210,0.083,500,0.083
11-9071,,,,,,,,,,,,,,,0,0.091,,,,,,
11-9081,0,0.0039,0,0.0039,,,0,0.0039,0,0.0039,,,260,0.0039,560,0.0039,,,,,50,0.0039
11-9111,1670,0.0073,700,0.0073,1290,0.0073,2740,0.0073,4170,0.0073,510,0.0073,12750,0.0073,26010,0.0073,370,0.0073,520,0.0073,1210,0.0073
11-9121,210,0.018,80,0.018,90,0.018,370,0.018,230,0.018,,,780,0.018,1900,0.018,0,0.018,0,0.018,90,0.018
11-9131,90,0.75,60,0.75,80,0.75,200,0.75,150,0.75,60,0.75,,,880,0.75,70,0.75,70,0.75,90,0.75
11-9141,270,0.81,100,0.81,320,0.81,230,0.81,610,0.81,50,0.81,5510,0.81,7510,0.81,20,0.81,60,0.81,310,0.81
11-9151,820,0.0067,420,0.0067,670,0.0067,1450,0.0067,1030,0.0067,240,0.0067,6060,0.0067,11960,0.0067,250,0.0067,350,0.0067,640,0.0067
11-9161,100,0.003,0,0.003,0,0.003,110,0.003,0,0.003,0,0.003,0,0.003,600,0.003,20,0.003,0,0.003,0,0.003
11-9199,1250,0.25,480,0.25,650,0.25,1190,0.25,1220,0.25,250,0.25,7630,0.25,14640,0.25,320,0.25,,,990,0.25
13-1011,0,0.24,,,0,0.24,,,0,0.24,,,2470,0.24,3050,0.24,,,,,,
13-1021,0,0.87,0,0.87,0,0.87,0,0.87,0,0.87,,,0,0.87,300,0.87,,,,,0,0.87
13-1022,290,0.29,190,0.29,370,0.29,810,0.29,1400,0.29,90,0.29,4190,0.29,8120,0.29,80,0.29,130,0.29,470,0.29
13-1023,920,0.77,640,0.77,1260,0.77,1170,0.77,1470,0.77,310,0.77,6870,0.77,14750,0.77,180,0.77,580,0.77,1230,0.77
13-1031,1740,0.98,1000,0.98,1230,0.98,1030,0.98,4270,0.98,990,0.98,7670,0.98,20520,0.98,70,0.98,510,0.98,1530,0.98
13-1032,0,0.98,50,0.98,70,0.98,0,0.98,470,0.98,,,,,810,0.98,,,0,0.98,60,0.98
13-1041,1630,0.08,750,0.08,1230,0.08,1720,0.08,1920,0.08,390,0.08,10170,0.08,21130,0.08,740,0.08,390,0.08,2070,0.08
13-1051,720,0.57,450,0.57,770,0.57,1170,0.57,2240,0.57,170,0.57,3060,0.57,9850,0.57,110,0.57,260,0.57,840,0.57
13-1081,170,0.012,110,0.012,400,0.012,370,0.012,440,0.012,0,0.012,1020,0.012,2960,0.012,70,0.012,70,0.012,230,0.012
13-1111,2790,0.13,730,0.13,1610,0.13,2810,0.13,3440,0.13,270,0.13,25340,0.13,40000,0.13,290,0.13,530,0.13,1730,0.13
13-1121,430,0.037,180,0.037,310,0.037,820,0.037,0,0.037,120,0.037,5650,0.037,9150,0.037,40,0.037,140,0.037,430,0.037
13-1141,780,0.47,230,0.47,350,0.47,500,0.47,790,0.47,60,0.47,5500,0.47,8910,0.47,50,0.47,160,0.47,390,0.47
13-1151,1300,0.014,630,0.014,1400,0.014,1880,0.014,1820,0.014,250,0.014,9430,0.014,18970,0.014,230,0.014,390,0.014,1360,0.014
13-1161,1650,0.61,920,0.61,2450,0.61,3840,0.61,4410,0.61,360,0.61,39630,0.61,56840,0.61,230,0.61,640,0.61,2120,0.61
13-1199,2130,0.23,760,0.23,1150,0.23,1640,0.23,2240,0.23,230,0.23,12910,0.23,23420,0.23,390,0.23,,,1270,0.23
13-2011,4640,0.94,2750,0.94,4840,0.94,6520,0.94,13030,0.94,1040,0.94,68380,0.94,108810,0.94,660,0.94,1540,0.94,4830,0.94
13-2021,300,0.9,160,0.9,270,0.9,290,0.9,520,0.9,130,0.9,1040,0.9,3370,0.9,150,0.9,190,0.9,330,0.9
13-2031,570,0.94,0,0.94,140,0.94,210,0.94,280,0.94,0,0.94,1620,0.94,3430,0.94,50,0.94,80,0.94,100,0.94
13-2041,160,0.98,110,0.98,140,0.98,360,0.98,760,0.98,0,0.98,5340,0.98,7630,0.98,0,0.98,90,0.98,490,0.98
13-2051,830,0.23,350,0.23,960,0.23,1710,0.23,1590,0.23,210,0.23,41790,0.23,49020,0.23,0,0.23,310,0.23,980,0.23
13-2052,690,0.58,,,600,0.58,2180,0.58,1880,0.58,120,0.58,20490,0.58,27790,0.58,80,0.58,300,0.58,770,0.58
13-2053,620,0.99,240,0.99,260,0.99,510,0.99,1140,0.99,500,0.99,4180,0.99,7870,0.99,,,120,0.99,210,0.99
13-2061,110,0.17,90,0.17,0,0.17,100,0.17,190,0.17,,,4300,0.17,5140,0.17,,,0,0.17,170,0.17
13-2071,150,0.04,70,0.04,110,0.04,150,0.04,170,0.04,70,0.04,980,0.04,1910,0.04,20,0.04,0,0.04,120,0.04
13-2072,670,0.98,510,0.98,590,0.98,610,0.98,1700,0.98,330,0.98,5250,0.98,11250,0.98,190,0.98,390,0.98,1000,0.98
13-2081,1630,0.93,120,0.93,150,0.93,330,0.93,1320,0.93,0,0.93,1180,0.93,5270,0.93,50,0.93,60,0.93,330,0.93
13-2082,70,0.99,170,0.99,320,0.99,0,0.99,270,0.99,,,940,0.99,2380,0.99,,,130,0.99,160,0.99
13-2099,110,0.33,50,0.33,0,0.33,190,0.33,330,0.33,170,0.33,3070,0.33,4230,0.33,0,0.33,0,0.33,190,0.33
15-1111,60,0.015,,,,,,,,,130,0.015,480,0.015,920,0.015,,,0,0.015,0,0.015
15-1121,3820,0.0065,680,0.0065,2690,0.0065,1980,0.0065,3190,0.0065,340,0.0065,22310,0.0065,38220,0.0065,210,0.0065,460,0.0065,1960,0.0065
15-1131,2170,0.48,560,0.48,1320,0.48,1400,0.48,2160,0.48,260,0.48,7790,0.48,17790,0.48,80,0.48,520,0.48,1250,0.48
15-1132,2290,0.042,1090,0.042,2550,0.042,2560,0.042,3870,0.042,320,0.042,33350,0.042,49360,0.042,90,0.042,1040,0.042,1700,0.042
15-1133,810,0.13,720,0.13,2110,0.13,1740,0.13,2020,0.13,230,0.13,9570,0.13,19010,0.13,20,0.13,580,0.13,940,0.13
15-1141,530,0.03,120,0.03,380,0.03,590,0.03,790,0.03,70,0.03,3550,0.03,6660,0.03,50,0.03,120,0.03,360,0.03
15-1142,1610,0.03,730,0.03,1610,0.03,2100,0.03,2860,0.03,310,0.03,12690,0.03,24600,0.03,210,0.03,630,0.03,1520,0.03
15-2011,140,0.21,,,,,,,,,0,0.21,1680,0.21,2410,0.21,,,0,0.21,0,0.21
15-2021,,,,,,,,,,,,,,,0,0.047,,,,,,
15-2031,190,0.035,150,0.035,170,0.035,510,0.035,220,0.035,60,0.035,4010,0.035,5700,0.035,,,0,0.035,320,0.035
15-2041,90,0.22,0,0.22,0,0.22,0,0.22,0,0.22,,,690,0.22,1040,0.22,,,0,0.22,0,0.22
15-2091,,,,,,,,,,,,,,,0,0.99,,,,,,
17-1011,350,0.018,180,0.018,260,0.018,,,,,0,0.018,9820,0.018,12550,0.018,60,0.018,90,0.018,390,0.018
17-1012,160,0.045,80,0.045,0,0.045,0,0.045,200,0.045,0,0.045,590,0.045,1470,0.045,,,,,50,0.045
17-1021,,,0,0.88,,,0,0.88,,,,,0,0.88,0,0.88,,,,,,
17-1022,140,0.38,0,0.38,150,0.38,230,0.38,270,0.38,,,560,0.38,1680,0.38,40,0.38,0,0.38,80,0.38
17-2011,,,50,0.017,,,0,0.017,140,0.017,,,0,0.017,380,0.017,,,0,0.017,,
17-2031,50,0.037,,,270,0.037,0,0.037,0,0.037,,,0,0.037,780,0.037,,,0,0.037,,
17-2041,270,0.017,0,0.017,310,0.017,160,0.017,0,0.017,,,0,0.017,1130,0.017,,,50,0.017,170,0.017
17-2051,1310,0.019,570,0.019,990,0.019,1690,0.019,1880,0.019,190,0.019,7060,0.019,15450,0.019,210,0.019,440,0.019,800,0.019
17-2061,70,0.22,130,0.22,310,0.22,0,0.22,170,0.22,70,0.22,350,0.22,1630,0.22,,,,,0,0.22
17-2071,1600,0.1,650,0.1,1310,0.1,2160,0.1,1420,0.1,160,0.1,2810,0.1,11270,0.1,20,0.1,470,0.1,570,0.1
17-2072,230,0.025,170,0.025,370,0.025,310,0.025,970,0.025,,,610,0.025,3450,0.025,20,0.025,220,0.025,180,0.025
17-2081,540,0.018,240,0.018,130,0.018,300,0.018,470,0.018,60,0.018,1020,0.018,3290,0.018,90,0.018,90,0.018,310,0.018
17-2111,230,0.028,50,0.028,,,320,0.028,210,0.028,0,0.028,530,0.028,1830,0.028,20,0.028,100,0.028,120,0.028
17-2112,1390,0.029,760,0.029,1700,0.029,1320,0.029,1180,0.029,160,0.029,1150,0.029,10290,0.029,110,0.029,1120,0.029,1370,0.029
17-2121,,,,,,,,,,,,,0,0.01,0,0.01,,,,,,
17-2131,280,0.021,50,0.021,80,0.021,0,0.021,0,0.021,0,0.021,0,0.021,1220,0.021,0,0.021,,,,
17-2141,1600,0.011,730,0.011,1680,0.011,990,0.011,1360,0.011,220,0.011,2210,0.011,11320,0.011,90,0.011,810,0.011,1490,0.011
17-2151,,,,,,,,,,,,,,,0,0.14,,,,,,
17-2161,,,0,0.07,70,0.07,,,,,,,,,540,0.07,,,,,,
17-2199,240,0.014,230,0.014,370,0.014,,,390,0.014,,,680,0.014,2770,0.014,20,0.014,0,0.014,180,0.014
17-3011,440,0.52,200,0.52,270,0.52,560,0.52,1020,0.52,0,0.52,3280,0.52,6210,0.52,30,0.52,110,0.52,250,0.52
17-3012,80,0.81,120,0.81,190,0.81,0,0.81,180,0.81,,,600,0.81,1480,0.81,,,90,0.81,110,0.81
17-3013,220,0.68,200,0.68,320,0.68,250,0.68,560,0.68,60,0.68,1170,0.68,3750,0.68,30,0.68,160,0.68,750,0.68
17-3021,,,,,,,,,,,,,,,0,0.48,,,,,,
17-3022,190,0.75,100,0.75,140,0.75,370,0.75,320,0.75,0,0.75,460,0.75,1840,0.75,20,0.75,60,0.75,110,0.75
17-3023,470,0.84,320,0.84,880,0.84,900,0.84,1040,0.84,60,0.84,1270,0.84,5880,0.84,40,0.84,440,0.84,430,0.84
17-3024,,,,,60,0.81,0,0.81,110,0.81,,,,,530,0.81,,,0,0.81,0,0.81
17-3025,90,0.25,80,0.25,90,0.25,0,0.25,210,0.25,,,400,0.25,1220,0.25,0,0.25,0,0.25,0,0.25
17-3026,510,0.03,130,0.03,700,0.03,270,0.03,200,0.03,0,0.03,0,0.03,3170,0.03,40,0.03,620,0.03,280,0.03
17-3027,270,0.38,100,0.38,190,0.38,0,0.38,290,0.38,0,0.38,0,0.38,1550,0.38,,,180,0.38,150,0.38
17-3029,320,0.24,80,0.24,230,0.24,0,0.24,110,0.24,0,0.24,550,0.24,2030,0.24,70,0.24,,,140,0.24
17-3031,90,0.96,100,0.96,,,210,0.96,530,0.96,0,0.96,0,0.96,1480,0.96,50,0.96,90,0.96,90,0.96
19-1011,,,,,,,,,,,,,,,0,0.061,,,150,0.061,,
19-1012,,,0,0.077,90,0.077,140,0.077,0,0.077,,,0,0.077,580,0.077,,,60,0.077,70,0.077
19-1013,,,,,0,0.021,,,0,0.021,,,0,0.021,0,0.021,,,50,0.021,0,0.021
19-1021,210,0.027,,,60,0.027,0,0.027,230,0.027,,,0,0.027,1530,0.027,0,0.027,90,0.027,,
19-1022,0,0.012,0,0.012,0,0.012,0,0.012,190,0.012,,,260,0.012,1340,0.012,,,70,0.012,0,0.012
19-1023,,,,,,,0,0.3,0,0.3,0,0.3,0,0.3,430,0.3,30,0.3,50,0.3,0,0.3
19-1029,0,0.015,0,0.015,0,0.015,,,120,0.015,,,250,0.015,620,0.015,,,0,0.015,60,0.015
19-1031,0,0.016,0,0.016,0,0.016,,,0,0.016,0,0.016,0,0.016,,,20,0.016,0,0.016,0,0.016
19-1032,0,0.0081,,,,,,,,,0,0.0081,,,0,0.0081,20,0.0081,50,0.0081,0,0.0081
19-1041,,,,,,,0,0.2,0,0.2,,,0,0.2,0,0.2,,,,,,
19-1042,610,0.0045,,,290,0.0045,720,0.0045,1120,0.0045,0,0.0045,5370,0.0045,9900,0.0045,,,0,0.0045,640,0.0045
19-2012,0,0.1,0,0.1,,,0,0.1,,,0,0.1,0,0.1,1070,0.1,,,220,0.1,,
19-2021,90,0.67,,,,,0,0.67,0,0.67,,,0,0.67,470,0.67,,,,,,
19-2031,400,0.1,110,0.1,160,0.1,0,0.1,1070,0.1,0,0.1,930,0.1,4170,0.1,0,0.1,170,0.1,270,0.1
19-2032,70,0.021,0,0.021,,,0,0.021,0,0.021,,,,,370,0.021,,,,,,
19-2041,500,0.033,230,0.033,170,0.033,480,0.033,630,0.033,0,0.033,1210,0.033,3700,0.033,80,0.033,80,0.033,270,0.033
19-2042,170,0.63,50,0.63,0,0.63,0,0.63,110,0.63,0,0.63,290,0.63,940,0.63,,,,,60,0.63
19-2043,0,0.014,,,,,,,100,0.014,,,,,0,0.014,,,,,0,0.014
19-2099,520,0.43,,,50,0.43,0,0.43,,,,,310,0.43,970,0.43,,,,,,
19-3011,70,0.43,,,0,0.43,,,0,0.43,0,0.43,380,0.43,570,0.43,,,0,0.43,0,0.43
19-3022,,,,,50,0.23,,,,,,,290,0.23,620,0.23,,,,,,
19-3031,620,0.0047,530,0.0047,670,0.0047,1830,0.0047,1580,0.0047,190,0.0047,4710,0.0047,11230,0.0047,210,0.0047,330,0.0047,570,0.0047
19-3039,,,,,0,0.0043,0,0.0043,100,0.0043,,,270,0.0043,610,0.0043,20,0.0043,,,,
19-3041,,,,,,,,,,,,,270,0.059,290,0.059,,,,,,
19-3051,130,0.13,50,0.13,120,0.13,190,0.13,0,0.13,0,0.13,680,0.13,1430,0.13,20,0.13,0,0.13,100,0.13
19-3091,,,,,,,,,,,,,0,0.0077,0,0.0077,,,,,,
19-3092,,,,,,,,,,,,,,,0,0.25,,,,,,
19-3093,80,0.44,0,0.44,70,0.44,0,0.44,0,0.44,60,0.44,,,460,0.44,60,0.44,0,0.44,0,0.44
19-3094,0,0.039,,,,,,,,,,,0,0.039,0,0.039,,,,,,
19-3099,210,0.04,70,0.04,70,0.04,0,0.04,0,0.04,,,1830,0.04,2470,0.04,50,0.04,0,0.04,0,0.04
19-4011,0,0.97,,,60,0.97,0,0.97,,,,,0,0.97,930,0.97,20,0.97,560,0.97,110,0.97
19-4021,420,0.3,240,0.3,120,0.3,410,0.3,390,0.3,0,0.3,1110,0.3,3440,0.3,60,0.3,350,0.3,270,0.3
19-4031,440,0.57,,,150,0.57,0,0.57,480,0.57,0,0.57,500,0.57,2710,0.57,70,0.57,200,0.57,310,0.57
19-4041,,,,,,,,,0,0.91,,,,,0,0.91,,,,,0,0.91
19-4061,1010,0.65,150,0.65,50,0.65,220,0.65,710,0.65,,,2950,0.65,6340,0.65,,,210,0.65,,
19-4091,140,0.77,100,0.77,130,0.77,280,0.77,320,0.77,0,0.77,830,0.77,2170,0.77,20,0.77,50,0.77,210,0.77
19-4092,130,0.0095,,,,,0,0.0095,0,0.0095,,,,,720,0.0095,,,,,0,0.0095
19-4093,,,0,0.42,,,0,0.42,,,0,0.42,,,410,0.42,30,0.42,,,50,0.42
19-4099,220,0.61,160,0.61,610,0.61,230,0.61,590,0.61,70,0.61,2860,0.61,5120,0.61,20,0.61,130,0.61,,
21-1011,520,0.033,260,0.033,360,0.033,840,0.033,800,0.033,180,0.033,3760,0.033,7590,0.033,210,0.033,180,0.033,470,0.033
21-1012,1230,0.0085,720,0.0085,1660,0.0085,2440,0.0085,2200,0.0085,670,0.0085,10300,0.0085,22620,0.0085,480,0.0085,1100,0.0085,1800,0.0085
21-1013,100,0.014,0,0.014,0,0.014,0,0.014,0,0.014,,,280,0.014,730,0.014,,,0,0.014,0,0.014
21-1014,400,0.0048,390,0.0048,560,0.0048,950,0.0048,960,0.0048,250,0.0048,2480,0.0048,6960,0.0048,80,0.0048,170,0.0048,730,0.0048
21-1015,540,0.0094,200,0.0094,650,0.0094,1900,0.0094,880,0.0094,450,0.0094,3120,0.0094,8750,0.0094,200,0.0094,190,0.0094,590,0.0094
21-1021,1380,0.028,560,0.028,1140,0.028,2130,0.028,2150,0.028,470,0.028,12410,0.028,22630,0.028,360,0.028,560,0.028,1400,0.028
21-1022,690,0.0035,350,0.0035,950,0.0035,1490,0.0035,1360,0.0035,270,0.0035,6230,0.0035,12540,0.0035,180,0.0035,330,0.0035,680,0.0035
21-1023,580,0.0031,520,0.0031,720,0.0031,1330,0.0031,1260,0.0031,350,0.0031,4980,0.0031,11040,0.0031,190,0.0031,350,0.0031,760,0.0031
21-1091,350,0.045,160,0.045,360,0.045,270,0.045,430,0.045,120,0.045,2760,0.045,4890,0.045,100,0.045,160,0.045,180,0.045
21-1092,420,0.25,280,0.25,440,0.25,730,0.25,450,0.25,210,0.25,1020,0.25,4450,0.25,290,0.25,180,0.25,410,0.25
21-1093,2520,0.13,1770,0.13,2520,0.13,4210,0.13,2290,0.13,830,0.13,15020,0.13,33340,0.13,740,0.13,1170,0.13,2240,0.13
21-2011,720,0.0081,310,0.0081,470,0.0081,700,0.0081,,,150,0.0081,3830,0.0081,8490,0.0081,160,0.0081,250,0.0081,790,0.0081
21-2021,250,0.025,160,0.025,240,0.025,350,0.025,550,0.025,50,0.025,1190,0.025,3360,0.025,80,0.025,60,0.025,440,0.025
23-1011,3410,0.035,1450,0.035,1980,0.035,4580,0.035,7970,0.035,460,0.035,48860,0.035,72760,0.035,370,0.035,580,0.035,2690,0.035
23-1012,,,,,,,0,0.41,,,,,,,690,0.41,,,,,0,0.41
23-1021,,,0,0.64,,,0,0.64,200,0.64,,,870,0.64,1410,0.64,,,,,90,0.64
23-1022,90,0.06,0,0.06,0,0.06,0,0.06,0,0.06,,,0,0.06,460,0.06,,,50,0.06,0,0.06
23-1023,340,0.4,200,0.4,330,0.4,390,0.4,190,0.4,170,0.4,,,3250,0.4,210,0.4,280,0.4,340,0.4
23-2011,1150,0.94,640,0.94,1010,0.94,1770,0.94,3120,0.94,100,0.94,12630,0.94,22220,0.94,140,0.94,360,0.94,1240,0.94
23-2091,0,0.5,0,0.5,0,0.5,0,0.5,230,0.5,,,610,0.5,1380,0.5,,,,,110,0.5
23-2093,90,0.99,0,0.99,170,0.99,0,0.99,0,0.99,0,0.99,1420,0.99,3450,0.99,0,0.99,0,0.99,150,0.99
25-2011,1810,0.0074,1460,0.0074,1850,0.0074,5640,0.0074,4750,0.0074,520,0.0074,20180,0.0074,40000,0.0074,370,0.0074,930,0.0074,2500,0.0074
25-2012,450,0.15,250,0.15,730,0.15,1320,0.15,1350,0.15,210,0.15,1700,0.15,7400,0.15,210,0.15,450,0.15,750,0.15
25-2021,3890,0.0044,3300,0.0044,5210,0.0044,10810,0.0044,13470,0.0044,1940,0.0044,29950,0.0044,79560,0.0044,1620,0.0044,3100,0.0044,6280,0.0044
25-2022,2040,0.17,2260,0.17,2940,0.17,6640,0.17,6590,0.17,1180,0.17,14040,0.17,40350,0.17,870,0.17,970,0.17,2820,0.17
25-2023,140,0.26,220,0.26,150,0.26,260,0.26,320,0.26,70,0.26,0,0.26,1930,0.26,40,0.26,70,0.26,260,0.26
25-2031,4320,0.0078,2360,0.0078,6250,0.0078,10210,0.0078,11470,0.0078,1960,0.0078,19670,0.0078,65880,0.0078,1440,0.0078,2690,0.0078,5510,0.0078
25-2032,420,0.0088,190,0.0088,530,0.0088,330,0.0088,580,0.0088,220,0.0088,660,0.0088,4170,0.0088,440,0.0088,190,0.0088,610,0.0088
25-2053,450,0.016,400,0.016,890,0.016,1410,0.016,1810,0.016,270,0.016,4980,0.016,11320,0.016,170,0.016,260,0.016,670,0.016
25-2054,860,0.0077,390,0.0077,1570,0.0077,3100,0.0077,2420,0.0077,420,0.0077,6530,0.0077,17270,0.0077,270,0.0077,540,0.0077,1180,0.0077
25-3011,180,0.19,520,0.19,130,0.19,640,0.19,490,0.19,140,0.19,2480,0.19,5010,0.19,30,0.19,100,0.19,290,0.19
25-3021,1560,0.13,760,0.13,1820,0.13,4770,0.13,5580,0.13,650,0.13,16440,0.13,34010,0.13,230,0.13,640,0.13,1550,0.13
25-4011,0,0.76,0,0.76,0,0.76,0,0.76,0,0.76,0,0.76,640,0.76,870,0.76,,,0,0.76,0,0.76
25-4012,80,0.0068,0,0.0068,60,0.0068,0,0.0068,0,0.0068,0,0.0068,920,0.0068,1310,0.0068,20,0.0068,0,0.0068,50,0.0068
25-4013,90,0.59,0,0.59,,,0,0.59,0,0.59,,,580,0.59,920,0.59,,,0,0.59,70,0.59
25-4021,820,0.65,560,0.65,770,0.65,1850,0.65,2470,0.65,270,0.65,3530,0.65,11860,0.65,240,0.65,500,0.65,840,0.65
25-4031,400,0.99,390,0.99,370,0.99,1340,0.99,1510,0.99,170,0.99,2010,0.99,7390,0.99,260,0.99,340,0.99,600,0.99
25-9011,50,0.39,0,0.39,180,0.39,0,0.39,0,0.39,,,0,0.39,680,0.39,30,0.39,0,0.39,60,0.39
25-9021,,,,,,,,,,,,,,,0,0.0075,,,,,,
25-9031,980,0.0042,450,0.0042,770,0.0042,760,0.0042,1060,0.0042,190,0.0042,5800,0.0042,11650,0.0042,190,0.0042,780,0.0042,650,0.0042
25-9041,6570,0.56,5030,0.56,8490,0.56,20120,0.56,22160,0.56,3180,0.56,44340,0.56,125840,0.56,2380,0.56,4450,0.56,9050,0.56
27-1011,150,0.023,60,0.023,160,0.023,210,0.023,320,0.023,0,0.023,6780,0.023,7960,0.023,,,0,0.023,130,0.023
27-1012,,,,,,,0,0.035,,,,,260,0.035,,,,,,,,
27-1013,0,0.042,,,0,0.042,0,0.042,0,0.042,,,920,0.042,1350,0.042,,,0,0.042,0,0.042
27-1014,,,50,0.015,0,0.015,,,0,0.015,,,1700,0.015,1960,0.015,,,0,0.015,,
27-1021,80,0.037,50,0.037,250,0.037,330,0.037,230,0.037,0,0.037,1730,0.037,2910,0.037,0,0.037,,,110,0.037
27-1022,,,,,,,0,0.021,230,0.021,0,0.021,7020,0.021,7590,0.021,,,,,0,0.021
27-1023,180,0.047,100,0.047,190,0.047,270,0.047,0,0.047,,,840,0.047,2570,0.047,50,0.047,110,0.047,280,0.047
27-1024,640,0.082,420,0.082,860,0.082,1350,0.082,1740,0.082,190,0.082,14790,0.082,21440,0.082,100,0.082,300,0.082,860,0.082
27-1025,90,0.022,0,0.022,150,0.022,,,280,0.022,,,1890,0.022,2970,0.022,,,60,0.022,160,0.022
27-1026,160,0.48,190,0.48,340,0.48,690,0.48,1690,0.48,50,0.48,2980,0.48,6680,0.48,0,0.48,160,0.48,160,0.48
27-1027,,,0,0.0055,0,0.0055,0,0.0055,0,0.0055,,,1830,0.0055,2210,0.0055,,,,,60,0.0055
27-2012,330,0.022,160,0.022,310,0.022,430,0.022,530,0.022,0,0.022,19930,0.022,23490,0.022,50,0.022,170,0.022,240,0.022
27-2021,,,,,0,0.28,0,0.28,,,,,0,0.28,,,,,,,,
27-2022,550,0.013,450,0.013,970,0.013,1620,0.013,1550,0.013,340,0.013,2580,0.013,9730,0.013,340,0.013,460,0.013,860,0.013
27-2023,0,0.98,0,0.98,0,0.98,0,0.98,,,,,,,,,,,,,0,0.98
27-2032,,,,,,,,,0,0.004,,,0,0.004,0,0.004,,,,,,
27-2041,170,0.015,130,0.015,310,0.015,0,0.015,,,120,0.015,1340,0.015,3480,0.015,100,0.015,140,0.015,210,0.015
27-3011,150,0.1,0,0.1,130,0.1,0,0.1,0,0.1,,,1130,0.1,2030,0.1,60,0.1,,,140,0.1
27-3012,50,0.72,50,0.72,0,0.72,0,0.72,110,0.72,,,0,0.72,620,0.72,,,0,0.72,,
27-3021,,,0,0.067,,,,,,,,,810,0.067,,,,,,,,
27-3022,140,0.11,0,0.11,70,0.11,280,0.11,310,0.11,0,0.11,2940,0.11,4050,0.11,50,0.11,0,0.11,,
27-3031,1430,0.18,560,0.18,1020,0.18,860,0.18,1400,0.18,160,0.18,18630,0.18,25440,0.18,150,0.18,440,0.18,690,0.18
27-3041,530,0.055,170,0.055,360,0.055,640,0.055,1150,0.055,120,0.055,16060,0.055,19890,0.055,40,0.055,190,0.055,310,0.055
27-3042,120,0.89,80,0.89,230,0.89,130,0.89,320,0.89,0,0.89,1290,0.89,2390,0.89,0,0.89,50,0.89,130,0.89
27-3043,160,0.038,60,0.038,130,0.038,320,0.038,310,0.038,0,0.038,5440,0.038,6800,0.038,0,0.038,70,0.038,110,0.038
27-3091,90,0.38,0,0.38,280,0.38,110,0.38,,,90,0.38,1710,0.38,2720,0.38,,,0,0.38,0,0.38
27-4011,130,0.55,290,0.55,180,0.55,300,0.55,380,0.55,0,0.55,4230,0.55,6580,0.55,30,0.55,140,0.55,430,0.55
27-4012,110,0.74,160,0.74,110,0.74,0,0.74,110,0.74,,,3100,0.74,4010,0.74,,,50,0.74,180,0.74
27-4014,0,0.13,,,70,0.13,0,0.13,0,0.13,,,1710,0.13,2100,0.13,,,,,0,0.13
27-4021,160,0.021,100,0.021,150,0.021,310,0.021,400,0.021,0,0.021,2280,0.021,3720,0.021,,,90,0.021,100,0.021
27-4031,0,0.6,,,80,0.6,,,0,0.6,,,1200,0.6,1620,0.6,20,0.6,,,0,0.6
27-4032,0,0.31,,,50,0.31,0,0.31,0,0.31,,,4280,0.31,4850,0.31,,,,,,
29-1011,160,0.027,,,110,0.027,120,0.027,570,0.027,,,610,0.027,1840,0.027,0,0.027,0,0.027,170,0.027
29-1021,320,0.0044,340,0.0044,350,0.0044,1040,0.0044,1020,0.0044,120,0.0044,4040,0.0044,7710,0.0044,80,0.0044,130,0.0044,250,0.0044
29-1022,0,0.0036,,,,,0,0.0036,0,0.0036,,,0,0.0036,660,0.0036,,,,,0,0.0036
29-1023,,,,,,,,,0,0.023,,,0,0.023,0,0.023,,,,,,
29-1031,310,0.0039,170,0.0039,310,0.0039,780,0.0039,710,0.0039,150,0.0039,1990,0.0039,4960,0.0039,90,0.0039,130,0.0039,320,0.0039
29-1041,130,0.14,80,0.14,150,0.14,570,0.14,540,0.14,0,0.14,970,0.14,2690,0.14,0,0.14,60,0.14,130,0.14
29-1051,1320,0.012,650,0.012,870,0.012,2100,0.012,2720,0.012,630,0.012,9600,0.012,20430,0.012,390,0.012,420,0.012,1700,0.012
29-1071,800,0.14,580,0.14,810,0.14,930,0.14,2600,0.14,220,0.14,5000,0.14,12070,0.14,250,0.14,180,0.14,690,0.14
29-1081,0,0.0046,,,0,0.0046,0,0.0046,300,0.0046,,,590,0.0046,1140,0.0046,,,0,0.0046,60,0.0046
29-1122,500,0.0035,370,0.0035,670,0.0035,1150,0.0035,1280,0.0035,250,0.0035,2650,0.0035,8140,0.0035,200,0.0035,240,0.0035,720,0.0035
29-1123,1020,0.021,690,0.021,1070,0.021,1840,0.021,3380,0.021,340,0.021,6000,0.021,16390,0.021,390,0.021,350,0.021,1180,0.021
29-1124,160,0.34,,,140,0.34,0,0.34,180,0.34,0,0.34,720,0.34,1540,0.34,0,0.34,0,0.34,190,0.34
29-1125,60,0.0028,0,0.0028,130,0.0028,250,0.0028,310,0.0028,70,0.0028,580,0.0028,1640,0.0028,30,0.0028,80,0.0028,80,0.0028
29-1126,360,0.066,240,0.066,410,0.066,610,0.066,900,0.066,150,0.066,2320,0.066,5840,0.066,100,0.066,160,0.066,540,0.066
29-1127,770,0.0064,360,0.0064,770,0.0064,1450,0.0064,2000,0.0064,230,0.0064,4000,0.0064,11360,0.0064,210,0.0064,260,0.0064,1270,0.0064
29-1131,240,0.038,160,0.038,250,0.038,580,0.038,720,0.038,0,0.038,620,0.038,3040,0.038,60,0.038,140,0.038,210,0.038
29-1181,0,0.0033,0,0.0033,120,0.0033,0,0.0033,0,0.0033,0,0.0033,0,0.0033,920,0.0033,0,0.0033,0,0.0033,100,0.0033
29-1199,50,0.02,90,0.02,,,110,0.02,280,0.02,,,1220,0.02,2110,0.02,0,0.02,0,0.02,50,0.02
29-2011,690,0.9,440,0.9,920,0.9,840,0.9,1700,0.9,220,0.9,4660,0.9,10380,0.9,180,0.9,260,0.9,420,0.9
29-2012,510,0.47,0,0.47,950,0.47,570,0.47,980,0.47,140,0.47,3270,0.47,7740,0.47,120,0.47,260,0.47,400,0.47
29-2021,690,0.68,650,0.68,1050,0.68,1150,0.68,2170,0.68,220,0.68,2820,0.68,10750,0.68,290,0.68,480,0.68,1230,0.68
29-2031,260,0.23,120,0.23,110,0.23,310,0.23,660,0.23,70,0.23,1220,0.23,3110,0.23,70,0.23,50,0.23,230,0.23
29-2032,280,0.35,210,0.35,390,0.35,570,0.35,840,0.35,160,0.35,1780,0.35,4730,0.35,70,0.35,150,0.35,270,0.35
29-2033,60,0.13,50,0.13,70,0.13,0,0.13,240,0.13,50,0.13,520,0.13,1260,0.13,40,0.13,0,0.13,110,0.13
29-2041,1330,0.049,680,0.049,1160,0.049,1830,0.049,2920,0.049,510,0.049,4620,0.049,14750,0.049,260,0.049,650,0.049,780,0.049
29-2051,0,0.13,0,0.13,110,0.13,100,0.13,110,0.13,0,0.13,320,0.13,930,0.13,30,0.13,0,0.13,70,0.13
29-2052,1270,0.92,620,0.92,1250,0.92,1600,0.92,2660,0.92,520,0.92,7050,0.92,17660,0.92,360,0.92,460,0.92,1800,0.92
29-2053,0,0.043,,,170,0.043,370,0.043,0,0.043,,,750,0.043,1540,0.043,,,,,50,0.043
29-2054,,,,,0,0.1,0,0.1,0,0.1,,,0,0.1,280,0.1,,,,,0,0.1
29-2055,310,0.34,200,0.34,350,0.34,430,0.34,700,0.34,130,0.34,2740,0.34,5560,0.34,70,0.34,160,0.34,460,0.34
29-2056,340,0.029,200,0.029,280,0.029,560,0.029,720,0.029,60,0.029,1370,0.029,4270,0.029,100,0.029,340,0.029,310,0.029
29-2061,3700,0.058,2940,0.058,3970,0.058,6010,0.058,5560,0.058,2090,0.058,14070,0.058,46990,0.058,1630,0.058,1800,0.058,5140,0.058
29-2071,650,0.91,480,0.91,500,0.91,870,0.91,1360,0.91,310,0.91,3270,0.91,8800,0.91,210,0.91,260,0.91,870,0.91
29-2081,150,0.71,170,0.71,250,0.71,730,0.71,620,0.71,100,0.71,800,0.71,3450,0.71,80,0.71,100,0.71,450,0.71
29-2091,0,0.0035,,,,,0,0.0035,120,0.0035,0,0.0035,0,0.0035,440,0.0035,,,,,,
29-9011,450,0.17,230,0.17,310,0.17,250,0.17,420,0.17,80,0.17,940,0.17,3230,0.17,80,0.17,110,0.17,270,0.17
29-9012,0,0.25,50,0.25,0,0.25,,,0,0.25,0,0.25,520,0.25,730,0.25,,,,,0,0.25
29-9091,0,0.0071,110,0.0071,110,0.0071,250,0.0071,160,0.0071,50,0.0071,0,0.0071,1240,0.0071,40,0.0071,0,0.0071,150,0.0071
31-1011,4590,0.39,2170,0.39,4500,0.39,11620,0.39,12030,0.39,2140,0.39,128970,0.39,173830,0.39,1240,0.39,1210,0.39,5070,0.39
31-1013,260,0.47,0,0.47,150,0.47,1140,0.47,770,0.47,390,0.47,1860,0.47,5900,0.47,530,0.47,390,0.47,250,0.47
31-2011,100,0.028,0,0.028,140,0.028,450,0.028,260,0.028,70,0.028,790,0.028,2300,0.028,40,0.028,70,0.028,270,0.028
31-2012,0,0.27,0,0.27,,,0,0.27,0,0.27,,,0,0.27,400,0.27,0,0.27,0,0.27,50,0.27
31-2021,290,0.018,210,0.018,330,0.018,530,0.018,810,0.018,180,0.018,1110,0.018,4200,0.018,120,0.018,110,0.018,380,0.018
31-2022,70,0.61,90,0.61,110,0.61,460,0.61,930,0.61,0,0.61,940,0.61,2940,0.61,0,0.61,60,0.61,180,0.61
31-9011,290,0.54,90,0.54,,,470,0.54,1290,0.54,110,0.54,1120,0.54,4180,0.54,30,0.54,100,0.54,0,0.54
31-9091,1030,0.51,800,0.51,1100,0.51,2270,0.51,3830,0.51,280,0.51,8800,0.51,20040,0.51,330,0.51,450,0.51,1120,0.51
31-9092,1090,0.3,710,0.3,990,0.3,2530,0.3,4130,0.3,330,0.3,11490,0.3,23860,0.3,250,0.3,430,0.3,1910,0.3
31-9093,210,0.78,80,0.78,140,0.78,240,0.78,560,0.78,100,0.78,1030,0.78,2720,0.78,60,0.78,100,0.78,190,0.78
31-9094,130,0.89,180,0.89,210,0.89,140,0.89,490,0.89,100,0.89,520,0.89,2190,0.89,60,0.89,50,0.89,300,0.89
31-9095,60,0.72,100,0.72,,,170,0.72,710,0.72,0,0.72,1050,0.72,2480,0.72,130,0.72,0,0.72,140,0.72
31-9096,290,0.86,300,0.86,300,0.86,0,0.86,920,0.86,,,400,0.86,3690,0.86,60,0.86,260,0.86,480,0.86
33-1011,350,0.025,150,0.025,390,0.025,750,0.025,,,210,0.025,1100,0.025,3940,0.025,390,0.025,140,0.025,210,0.025
33-1012,640,0.0044,310,0.0044,530,0.0044,1310,0.0044,1150,0.0044,200,0.0044,6970,0.0044,12160,0.0044,170,0.0044,230,0.0044,650,0.0044
33-1021,0,0.0036,0,0.0036,270,0.0036,520,0.0036,210,0.0036,80,0.0036,,,3770,0.0036,60,0.0036,60,0.0036,320,0.0036
33-2011,210,0.17,0,0.17,710,0.17,1380,0.17,210,0.17,240,0.17,6300,0.17,10490,0.17,210,0.17,0,0.17,880,0.17
33-2021,70,0.48,0,0.48,0,0.48,0,0.48,0,0.48,,,0,0.48,520,0.48,,,0,0.48,0,0.48
33-2022,,,,,,,0,0.048,,,,,,,0,0.048,,,,,,
33-3011,210,0.36,130,0.36,240,0.36,460,0.36,440,0.36,100,0.36,,,3960,0.36,50,0.36,90,0.36,230,0.36
33-3012,3020,0.6,1460,0.6,3770,0.6,6740,0.6,1460,0.6,1740,0.6,8780,0.6,34460,0.6,3900,0.6,1220,0.6,2340,0.6
33-3021,830,0.34,260,0.34,420,0.34,830,0.34,1190,0.34,140,0.34,3840,0.34,8920,0.34,360,0.34,220,0.34,810,0.34
33-3031,,,,,,,,,,,,,,,360,0.08,70,0.08,,,,
33-3041,,,,,0,0.84,170,0.84,100,0.84,,,0,0.84,490,0.84,,,,,0,0.84
33-3051,1880,0.098,1280,0.098,1950,0.098,4930,0.098,4960,0.098,900,0.098,27120,0.098,47870,0.098,820,0.098,1040,0.098,2930,0.098
33-3052,,,,,,,,,,,,,1440,0.57,1480,0.57,,,,,,
33-9011,110,0.21,80,0.21,80,0.21,130,0.21,0,0.21,50,0.21,,,850,0.21,50,0.21,120,0.21,140,0.21
33-9021,120,0.31,50,0.31,60,0.31,0,0.31,150,0.31,,,0,0.31,1960,0.31,,,160,0.31,0,0.31
33-9031,,,,,50,0.95,,,,,,,,,0,0.95,,,,,,
33-9032,3090,0.84,2220,0.84,3220,0.84,9110,0.84,13690,0.84,910,0.84,72770,0.84,112750,0.84,420,0.84,970,0.84,5900,0.84
33-9091,140,0.49,140,0.49,230,0.49,470,0.49,1320,0.49,60,0.49,5470,0.49,8390,0.49,30,0.49,160,0.49,320,0.49
33-9092,820,0.67,300,0.67,490,0.67,810,0.67,1870,0.67,70,0.67,3260,0.67,8770,0.67,160,0.67,430,0.67,460,0.67
35-1011,890,0.1,280,0.1,630,0.1,2410,0.1,1460,0.1,300,0.1,7940,0.1,15110,0.1,260,0.1,280,0.1,640,0.1
35-1012,2770,0.63,2100,0.63,3350,0.63,4770,0.63,6850,0.63,1100,0.63,19780,0.63,46440,0.63,720,0.63,1440,0.63,3450,0.63
35-2011,0,0.81,570,0.81,1670,0.81,670,0.81,2230,0.81,0,0.81,7510,0.81,16780,0.81,1000,0.81,650,0.81,1680,0.81
35-2012,960,0.83,830,0.83,1430,0.83,2070,0.83,2250,0.83,640,0.83,4970,0.83,16020,0.83,540,0.83,700,0.83,1580,0.83
35-2014,3760,0.96,2600,0.96,3430,0.96,6670,0.96,9360,0.96,1160,0.96,33030,0.96,67370,0.96,1290,0.96,1320,0.96,4630,0.96
35-2015,600,0.94,0,0.94,1050,0.94,640,0.94,890,0.94,330,0.94,6450,0.94,12070,0.94,430,0.94,400,0.94,1040,0.94
35-2021,3300,0.87,2820,0.87,2870,0.87,6460,0.87,8690,0.87,1110,0.87,31460,0.87,63560,0.87,1000,0.87,2090,0.87,3670,0.87
35-3011,2960,0.77,1930,0.77,2750,0.77,4070,0.77,4710,0.77,1150,0.77,19090,0.77,43730,0.77,1160,0.77,1630,0.77,4210,0.77
35-3021,10930,0.92,8220,0.92,11600,0.92,18260,0.92,25010,0.92,4020,0.92,51870,0.92,158140,0.92,3340,0.92,6150,0.92,18340,0.92
35-3022,2010,0.96,1350,0.96,2460,0.96,1540,0.96,4450,0.96,660,0.96,15300,0.96,31480,0.96,270,0.96,520,0.96,2760,0.96
35-3031,8520,0.94,5280,0.94,10220,0.94,17270,0.94,22300,0.94,2770,0.94,69170,0.94,155660,0.94,3450,0.94,4010,0.94,12400,0.94
35-3041,1040,0.86,900,0.86,1070,0.86,2390,0.86,2060,0.86,620,0.86,6070,0.86,16550,0.86,260,0.86,590,0.86,1490,0.86
35-9011,1190,0.91,1510,0.91,1680,0.91,3750,0.91,3600,0.91,320,0.91,17980,0.91,33410,0.91,590,0.91,580,0.91,1750,0.91
35-9021,2190,0.77,1500,0.77,2390,0.77,3420,0.77,4460,0.77,950,0.77,14390,0.77,34360,0.77,880,0.77,1430,0.77,2690,0.77
35-9031,1300,0.97,800,0.97,1360,0.97,2780,0.97,3440,0.97,260,0.97,8800,0.97,20990,0.97,340,0.97,640,0.97,1230,0.97
37-1011,760,0.94,450,0.94,740,0.94,1610,0.94,1850,0.94,220,0.94,5700,0.94,13150,0.94,310,0.94,450,0.94,980,0.94
37-1012,230,0.57,260,0.57,380,0.57,810,0.57,1430,0.57,60,0.57,890,0.57,4770,0.57,130,0.57,180,0.57,390,0.57
37-2011,10680,0.66,7160,0.66,10740,0.66,20150,0.66,25620,0.66,3980,0.66,95330,0.66,196830,0.66,3200,0.66,6600,0.66,12310,0.66
37-2012,2770,0.69,1960,0.69,2210,0.69,6300,0.69,3880,0.69,1250,0.69,25460,0.69,50540,0.69,1160,0.69,1530,0.69,3860,0.69
37-2021,180,0.66,90,0.66,120,0.66,1030,0.66,710,0.66,,,590,0.66,2910,0.66,20,0.66,,,120,0.66
37-3011,3870,0.95,2570,0.95,3480,0.95,9320,0.95,13370,0.95,990,0.95,5450,0.95,46430,0.95,1240,0.95,1470,0.95,4400,0.95
37-3012,,,0,0.97,0,0.97,0,0.97,0,0.97,,,0,0.97,560,0.97,0,0.97,,,,
37-3013,0,0.77,,,,,0,0.77,360,0.77,0,0.77,0,0.77,1520,0.77,,,0,0.77,0,0.77
39-1011,,,,,0,0.28,,,,,,,,,370,0.28,,,,,100,0.28
39-1012,,,,,,,,,,,,,,,0,0.54,,,,,0,0.54
39-1021,1060,0.076,630,0.076,930,0.076,2380,0.076,2340,0.076,540,0.076,7320,0.076,17190,0.076,310,0.076,540,0.076,1100,0.076
39-2011,130,0.1,,,60,0.1,110,0.1,170,0.1,0,0.1,0,0.1,720,0.1,,,0,0.1,60,0.1
39-2021,940,0.82,410,0.82,800,0.82,1960,0.82,2780,0.82,260,0.82,4360,0.82,13220,0.82,290,0.82,380,0.82,980,0.82
39-3011,,,,,,,,,,,,,,,1000,0.96,,,,,520,0.96
39-3012,,,,,80,0.91,,,,,0,0.91,,,680,0.91,,,,,140,0.91
39-3021,,,,,,,0,0.97,,,,,0,0.97,0,0.97,,,,,,
39-3031,180,0.96,200,0.96,230,0.96,950,0.96,850,0.96,50,0.96,5950,0.96,9250,0.96,,,140,0.96,520,0.96
39-3091,1030,0.72,520,0.72,1020,0.72,2970,0.72,2710,0.72,270,0.72,4110,0.72,14840,0.72,170,0.72,280,0.72,1590,0.72
39-3092,,,,,,,0,0.61,,,,,1230,0.61,1350,0.61,,,,,,
39-3093,0,0.43,90,0.43,90,0.43,180,0.43,210,0.43,,,1050,0.43,1720,0.43,,,,,50,0.43
39-4011,,,,,,,,,,,,,,,0,0.54,,,,,,
39-4021,150,0.37,0,0.37,120,0.37,,,280,0.37,130,0.37,0,0.37,1270,0.37,,,60,0.37,,
39-5011,350,0.8,,,,,,,0,0.8,,,0,0.8,2130,0.8,,,,,,
39-5012,1160,0.11,580,0.11,1640,0.11,4060,0.11,4180,0.11,450,0.11,11360,0.11,26410,0.11,240,0.11,560,0.11,2130,0.11
39-5091,,,,,,,,,,,,,690,0.01,800,0.01,,,,,,
39-5092,0,0.95,380,0.95,380,0.95,310,0.95,3920,0.95,,,8310,0.95,14080,0.95,0,0.95,130,0.95,0,0.95
39-5093,80,0.79,,,,,420,0.79,370,0.79,,,900,0.79,1890,0.79,,,,,,
39-5094,180,0.29,70,0.29,0,0.29,0,0.29,670,0.29,,,2250,0.29,3950,0.29,0,0.29,60,0.29,80,0.29
39-6011,50,0.83,190,0.83,80,0.83,220,0.83,150,0.83,,,3380,0.83,4290,0.83,0,0.83,,,110,0.83
39-6012,0,0.21,,,160,0.21,460,0.21,0,0.21,,,2750,0.21,4080,0.21,110,0.21,0,0.21,100,0.21
39-7011,0,0.91,50,0.91,160,0.91,210,0.91,0,0.91,,,1590,0.91,2460,0.91,30,0.91,0,0.91,130,0.91
39-7012,,,,,,,,,,,,,0,0.057,0,0.057,,,,,,
39-9011,2500,0.084,1470,0.084,2270,0.084,4910,0.084,4550,0.084,1210,0.084,15300,0.084,36500,0.084,590,0.084,1420,0.084,2290,0.084
39-9021,6130,0.74,4460,0.74,8210,0.74,16700,0.74,23770,0.74,5670,0.74,74130,0.74,156820,0.74,3440,0.74,4390,0.74,9430,0.74
39-9031,1050,0.085,690,0.085,1100,0.085,2390,0.085,2370,0.085,170,0.085,8970,0.085,18420,0.085,170,0.085,290,0.085,1170,0.085
39-9032,1320,0.0061,920,0.0061,1850,0.0061,3400,0.0061,3950,0.0061,470,0.0061,11890,0.0061,27260,0.0061,450,0.0061,740,0.0061,2180,0.0061
39-9041,350,0.064,280,0.064,300,0.064,630,0.064,630,0.064,,,2350,0.064,6330,0.064,150,0.064,340,0.064,440,0.064
41-1011,3940,0.28,2750,0.28,4430,0.28,7640,0.28,10150,0.28,1630,0.28,23230,0.28,63120,0.28,1530,0.28,2060,0.28,5620,0.28
41-1012,880,0.075,680,0.075,1060,0.075,1580,0.075,2440,0.075,190,0.075,11960,0.075,21180,0.075,200,0.075,270,0.075,1500,0.075
41-2011,12450,0.97,8360,0.97,14590,0.97,24980,0.97,30170,0.97,5010,0.97,69260,0.97,193870,0.97,4550,0.97,6760,0.97,17480,0.97
41-2012,,,,,,,,,,,,,,,880,0.83,,,,,250,0.83
41-2021,1240,0.97,1170,0.97,1620,0.97,1900,0.97,3140,0.97,420,0.97,8750,0.97,21180,0.97,460,0.97,710,0.97,1740,0.97
41-2022,740,0.98,940,0.98,1110,0.98,1660,0.98,1680,0.98,460,0.98,1130,0.98,9630,0.98,310,0.98,450,0.98,1150,0.98
41-2031,17210,0.92,12370,0.92,19030,0.92,39870,0.92,53690,0.92,6430,0.92,134640,0.92,322980,0.92,6060,0.92,8430,0.92,24370,0.92
41-3011,410,0.54,240,0.54,470,0.54,740,0.54,1180,0.54,,,17480,0.54,21790,0.54,140,0.54,260,0.54,540,0.54
41-3021,1220,0.92,850,0.92,0,0.92,2800,0.92,4650,0.92,300,0.92,6560,0.92,21040,0.92,190,0.92,430,0.92,1660,0.92
41-3031,840,0.016,610,0.016,910,0.016,,,3950,0.016,170,0.016,46330,0.016,57550,0.016,0,0.016,400,0.016,1850,0.016
41-3041,90,0.099,120,0.099,230,0.099,0,0.099,650,0.099,0,0.099,4440,0.099,5970,0.099,0,0.099,0,0.099,310,0.099
41-4011,880,0.25,700,0.25,1620,0.25,1320,0.25,2920,0.25,110,0.25,5130,0.25,16220,0.25,50,0.25,280,0.25,1840,0.25
41-4012,4080,0.85,3670,0.85,5330,0.85,8030,0.85,15730,0.85,1120,0.85,38620,0.85,87740,0.85,910,0.85,1910,0.85,6860,0.85
41-9011,80,0.51,50,0.51,170,0.51,370,0.51,620,0.51,70,0.51,2260,0.51,4460,0.51,0,0.51,0,0.51,160,0.51
41-9012,0,0.98,,,,,,,,,,,,,490,0.98,,,,,,
41-9021,0,0.97,0,0.97,,,0,0.97,,,0,0.97,930,0.97,1610,0.97,,,0,0.97,,
41-9022,160,0.86,170,0.86,310,0.86,660,0.86,1020,0.86,0,0.86,3350,0.86,6020,0.86,30,0.86,0,0.86,210,0.86
41-9031,160,0.0041,140,0.0041,290,0.0041,290,0.0041,340,0.0041,,,1270,0.0041,2750,0.0041,,,0,0.0041,160,0.0041
41-9041,220,0.99,0,0.99,600,0.99,550,0.99,760,0.99,0,0.99,2800,0.99,7510,0.99,,,180,0.99,0,0.99
43-1011,6420,0.014,4270,0.014,6880,0.014,10520,0.014,17420,0.014,1890,0.014,53680,0.014,114050,0.014,1370,0.014,2760,0.014,8020,0.014
43-2011,390,0.96,240,0.96,370,0.96,420,0.96,810,0.96,150,0.96,2440,0.96,5580,0.96,70,0.96,250,0.96,410,0.96
43-2021,90,0.97,,,0,0.97,0,0.97,140,0.97,,,360,0.97,800,0.97,,,0,0.97,50,0.97
43-3011,570,0.95,530,0.95,1990,0.95,1030,0.95,3060,0.95,240,0.95,4640,0.95,17130,0.95,100,0.95,700,0.95,4200,0.95
43-3021,1620,0.96,1440,0.96,2020,0.96,4070,0.96,7740,0.96,590,0.96,12260,0.96,33680,0.96,420,0.96,700,0.96,2650,0.96
43-3031,7160,0.98,4780,0.98,6900,0.98,11340,0.98,20380,0.98,2850,0.98,47460,0.98,115270,0.98,2150,0.98,3740,0.98,7920,0.98
43-3041,,,,,,,,,,,,,,,260,0.39,,,,,60,0.39
43-3051,590,0.97,440,0.97,880,0.97,1020,0.97,1400,0.97,270,0.97,3730,0.97,9730,0.97,160,0.97,330,0.97,820,0.97
43-3061,380,0.98,190,0.98,350,0.98,360,0.98,610,0.98,140,0.98,1160,0.98,3790,0.98,100,0.98,140,0.98,330,0.98
43-3071,1540,0.98,910,0.98,1280,0.98,3090,0.98,4580,0.98,770,0.98,11060,0.98,26650,0.98,650,0.98,700,0.98,2050,0.98
43-4011,160,0.98,90,0.98,60,0.98,0,0.98,430,0.98,0,0.98,5130,0.98,6250,0.98,,,60,0.98,,
43-4021,0,0.86,,,,,,,0,0.86,,,0,0.86,0,0.86,,,,,0,0.86
43-4031,870,0.46,310,0.46,460,0.46,940,0.46,910,0.46,220,0.46,2430,0.46,7360,0.46,270,0.46,290,0.46,580,0.46
43-4041,70,0.97,70,0.97,100,0.97,100,0.97,320,0.97,0,0.97,860,0.97,1880,0.97,0,0.97,0,0.97,240,0.97
43-4051,10560,0.55,7200,0.55,13740,0.55,14220,0.55,24290,0.55,2950,0.55,62480,0.55,157070,0.55,1920,0.55,4040,0.55,13320,0.55
43-4061,690,0.7,500,0.7,800,0.7,1030,0.7,1780,0.7,340,0.7,3950,0.7,10550,0.7,280,0.7,330,0.7,800,0.7
43-4071,480,0.97,290,0.97,420,0.97,810,0.97,1490,0.97,190,0.97,5040,0.97,9810,0.97,110,0.97,450,0.97,510,0.97
43-4081,710,0.94,680,0.94,530,0.94,790,0.94,800,0.94,180,0.94,4830,0.94,10380,0.94,440,0.94,360,0.94,1040,0.94
43-4111,800,0.94,490,0.94,1240,0.94,1170,0.94,1970,0.94,310,0.94,6730,0.94,14310,0.94,230,0.94,330,0.94,910,0.94
43-4121,430,0.95,460,0.95,560,0.95,1140,0.95,1500,0.95,200,0.95,2090,0.95,7230,0.95,150,0.95,320,0.95,390,0.95
43-4131,230,0.92,200,0.92,260,0.92,470,0.92,1420,0.92,80,0.92,2190,0.92,5780,0.92,0,0.92,200,0.92,660,0.92
43-4141,90,0.99,0,0.99,70,0.99,310,0.99,180,0.99,,,0,0.99,930,0.99,,,0,0.99,,
43-4151,450,0.98,340,0.98,560,0.98,650,0.98,1110,0.98,100,0.98,2490,0.98,6710,0.98,80,0.98,150,0.98,690,0.98
43-4161,720,0.9,410,0.9,930,0.9,900,0.9,1480,0.9,310,0.9,4730,0.9,10920,0.9,180,0.9,340,0.9,800,0.9
43-4171,4650,0.96,3250,0.96,4820,0.96,9570,0.96,18440,0.96,1890,0.96,37610,0.96,90100,0.96,1000,0.96,2450,0.96,6160,0.96
43-4181,290,0.61,150,0.61,80,0.61,220,0.61,550,0.61,,,9600,0.61,11400,0.61,40,0.61,100,0.61,150,0.61
43-5011,0,0.99,0,0.99,100,0.99,240,0.99,1320,0.99,,,4010,0.99,6660,0.99,230,0.99,0,0.99,530,0.99
43-5021,370,0.94,200,0.94,390,0.94,800,0.94,460,0.94,70,0.94,3350,0.94,6150,0.94,80,0.94,180,0.94,230,0.94
43-5031,360,0.49,250,0.49,400,0.49,720,0.49,1090,0.49,150,0.49,340,0.49,4090,0.49,130,0.49,190,0.49,430,0.49
43-5032,720,0.96,730,0.96,670,0.96,1220,0.96,1250,0.96,170,0.96,5020,0.96,11500,0.96,90,0.96,290,0.96,820,0.96
43-5041,60,0.85,,,,,130,0.85,0,0.85,0,0.85,840,0.85,1590,0.85,30,0.85,60,0.85,,
43-5051,410,0.95,270,0.95,350,0.95,860,0.95,980,0.95,220,0.95,2140,0.95,6090,0.95,270,0.95,250,0.95,340,0.95
43-5052,1160,0.68,920,0.68,1380,0.68,2720,0.68,3770,0.68,550,0.68,9060,0.68,22430,0.68,460,0.68,740,0.68,1670,0.68
43-5053,510,0.79,380,0.79,580,0.79,940,0.79,1950,0.79,0,0.79,4750,0.79,9540,0.79,20,0.79,0,0.79,340,0.79
43-5061,1230,0.88,910,0.88,1900,0.88,1970,0.88,3260,0.88,300,0.88,13670,0.88,26120,0.88,180,0.88,720,0.88,1600,0.88
43-5071,1680,0.98,1540,0.98,2370,0.98,3490,0.98,6760,0.98,800,0.98,12000,0.98,33150,0.98,540,0.98,1090,0.98,2690,0.98
43-5081,6020,0.64,5420,0.64,6470,0.64,17860,0.64,20690,0.64,2150,0.64,38690,0.64,112890,0.64,2000,0.64,3570,0.64,9010,0.64
43-5111,60,0.95,140,0.95,180,0.95,160,0.95,300,0.95,90,0.95,850,0.95,2170,0.95,20,0.95,130,0.95,210,0.95
43-6011,4080,0.86,1550,0.86,2660,0.86,7320,0.86,9620,0.86,740,0.86,51870,0.86,82810,0.86,400,0.86,1090,0.86,2970,0.86
43-6012,580,0.98,430,0.98,680,0.98,1010,0.98,1900,0.98,0,0.98,8340,0.98,14840,0.98,90,0.98,150,0.98,1130,0.98
43-6013,770,0.81,850,0.81,980,0.81,1130,0.81,1490,0.81,260,0.81,4520,0.81,11720,0.81,120,0.81,190,0.81,1370,0.81
43-6014,11600,0.96,6950,0.96,13460,0.96,21850,0.96,31620,0.96,3680,0.96,86170,0.96,197930,0.96,3010,0.96,6520,0.96,12310,0.96
43-9011,360,0.78,0,0.78,260,0.78,620,0.78,670,0.78,60,0.78,1800,0.78,4420,0.78,20,0.78,150,0.78,250,0.78
43-9021,1100,0.99,390,0.99,580,0.99,1110,0.99,2250,0.99,150,0.99,5680,0.99,12770,0.99,140,0.99,310,0.99,770,0.99
43-9022,1740,0.81,960,0.81,1000,0.81,2710,0.81,4050,0.81,500,0.81,1770,0.81,15720,0.81,570,0.81,560,0.81,1780,0.81
43-9031,0,0.16,0,0.16,0,0.16,0,0.16,0,0.16,,,590,0.16,780,0.16,,,,,,
43-9041,1020,0.98,470,0.98,430,0.98,800,0.98,1900,0.98,200,0.98,4050,0.98,10830,0.98,0,0.98,290,0.98,1310,0.98
43-9051,570,0.94,180,0.94,320,0.94,500,0.94,1420,0.94,110,0.94,4450,0.94,8290,0.94,110,0.94,170,0.94,430,0.94
43-9061,12270,0.96,6440,0.96,9380,0.96,18190,0.96,25590,0.96,3220,0.96,92450,0.96,188250,0.96,2590,0.96,4820,0.96,11800,0.96
43-9071,200,0.92,200,0.92,220,0.92,850,0.92,470,0.92,0,0.92,1670,0.92,4400,0.92,20,0.92,110,0.92,190,0.92
43-9081,70,0.84,0,0.84,0,0.84,0,0.84,0,0.84,,,820,0.84,1400,0.84,,,,,50,0.84
43-9111,0,0.66,0,0.66,,,0,0.66,0,0.66,,,490,0.66,650,0.66,,,0,0.66,0,0.66
45-1011,0,0.57,0,0.57,0,0.57,0,0.57,0,0.57,0,0.57,,,0,0.57,,,0,0.57,0,0.57
45-2011,,,,,,,0,0.94,0,0.94,,,0,0.94,,,0,0.94,,,,
45-2041,,,,,0,0.41,,,,,,,,,0,0.41,,,,,,
45-4011,,,0,0.87,,,,,,,,,,,0,0.87,,,,,0,0.87
45-4021,0,0.76,,,,,,,,,,,,,0,0.76,,,,,,
45-4022,60,0.79,0,0.79,,,,,,,0,0.79,,,380,0.79,170,0.79,0,0.79,0,0.79
45-4023,0,0.97,,,,,,,,,,,,,0,0.97,,,0,0.97,,
47-1011,1560,0.17,1130,0.17,1280,0.17,2910,0.17,4200,0.17,370,0.17,8400,0.17,23530,0.17,560,0.17,630,0.17,1820,0.17
47-2011,80,0.68,,,,,,,0,0.68,,,0,0.68,320,0.68,,,,,,
47-2021,330,0.82,260,0.82,300,0.82,570,0.82,1020,0.82,0,0.82,3280,0.82,6300,0.82,40,0.82,0,0.82,430,0.82
47-2022,0,0.89,,,,,0,0.89,920,0.89,,,0,0.89,1680,0.89,,,,,,
47-2031,2810,0.72,2080,0.72,2830,0.72,7600,0.72,10730,0.72,960,0.72,15640,0.72,48240,0.72,890,0.72,1330,0.72,2750,0.72
47-2041,,,,,0,0.87,,,220,0.87,0,0.87,,,1350,0.87,,,,,,
47-2042,,,,,0,0.79,,,,,,,,,470,0.79,,,,,0,0.79
47-2043,,,,,,,,,,,,,0,0.87,0,0.87,,,,,,
47-2044,110,0.75,160,0.75,,,150,0.75,390,0.75,,,0,0.75,1890,0.75,,,90,0.75,80,0.75
47-2051,230,0.94,150,0.94,350,0.94,1100,0.94,1730,0.94,140,0.94,3290,0.94,7640,0.94,40,0.94,90,0.94,500,0.94
47-2053,,,,,,,,,,,,,,,0,0.88,,,,,,
47-2061,3770,0.88,2100,0.88,3510,0.88,9490,0.88,12680,0.88,1260,0.88,20250,0.88,61070,0.88,1310,0.88,1630,0.88,4580,0.88
47-2071,0,0.83,0,0.83,0,0.83,,,220,0.83,70,0.83,610,0.83,2030,0.83,0,0.83,,,200,0.83
47-2072,,,,,,,,,,,,,0,0.82,,,,,,,,
47-2073,1320,0.95,600,0.95,840,0.95,2240,0.95,2090,0.95,400,0.95,1920,0.95,11940,0.95,480,0.95,620,0.95,1120,0.95
47-2081,190,0.79,0,0.79,210,0.79,380,0.79,650,0.79,50,0.79,1120,0.79,3110,0.79,0,0.79,100,0.79,280,0.79
47-2082,0,0.62,,,0,0.62,150,0.62,230,0.62,,,310,0.62,940,0.62,,,,,0,0.62
47-2111,2360,0.15,1150,0.15,1970,0.15,4040,0.15,5740,0.15,340,0.15,20110,0.15,40310,0.15,570,0.15,780,0.15,2500,0.15
47-2121,110,0.73,0,0.73,140,0.73,0,0.73,470,0.73,0,0.73,1110,0.73,2760,0.73,,,0,0.73,270,0.73
47-2131,70,0.83,0,0.83,0,0.83,0,0.83,0,0.83,,,0,0.83,800,0.83,,,0,0.83,0,0.83
47-2132,200,0.64,130,0.64,150,0.64,,,240,0.64,,,0,0.64,1110,0.64,,,0,0.64,0,0.64
47-2141,590,0.75,420,0.75,790,0.75,1640,0.75,2610,0.75,120,0.75,5720,0.75,13370,0.75,150,0.75,250,0.75,950,0.75
47-2142,,,,,,,,,,,,,0,0.87,360,0.87,,,,,,
47-2151,60,0.62,0,0.62,50,0.62,0,0.62,0,0.62,,,0,0.62,680,0.62,,,,,50,0.62
47-2152,1120,0.35,970,0.35,1330,0.35,3600,0.35,5990,0.35,190,0.35,12290,0.35,28340,0.35,220,0.35,530,0.35,1810,0.35
47-2161,,,60,0.84,,,0,0.84,0,0.84,,,510,0.84,660,0.84,,,,,0,0.84
47-2171,,,,,,,,,,,,,450,0.9,750,0.9,,,,,,
47-2181,410,0.9,400,0.9,470,0.9,470,0.9,610,0.9,170,0.9,1620,0.9,5070,0.9,130,0.9,250,0.9,520,0.9
47-2211,380,0.82,80,0.82,670,0.82,,,1650,0.82,0,0.82,3160,0.82,8110,0.82,,,0,0.82,840,0.82
47-2221,0,0.83,140,0.83,0,0.83,1210,0.83,1290,0.83,,,2160,0.83,5710,0.83,0,0.83,,,260,0.83
47-3011,0,0.83,0,0.83,0,0.83,0,0.83,350,0.83,,,670,0.83,1280,0.83,,,,,,
47-3012,50,0.92,90,0.92,50,0.92,220,0.92,0,0.92,0,0.92,430,0.92,1270,0.92,,,0,0.92,0,0.92
47-3013,60,0.74,,,0,0.74,610,0.74,560,0.74,0,0.74,3530,0.74,5200,0.74,50,0.74,,,140,0.74
47-3014,0,0.94,,,,,,,,,,,0,0.94,290,0.94,,,,,0,0.94
47-3015,0,0.57,50,0.57,70,0.57,360,0.57,480,0.57,,,1790,0.57,3020,0.57,,,,,150,0.57
47-3016,,,,,,,,,,,,,,,0,0.72,,,,,0,0.72
47-4011,470,0.63,340,0.63,530,0.63,960,0.63,1030,0.63,240,0.63,2550,0.63,7240,0.63,170,0.63,290,0.63,640,0.63
47-4021,0,0.39,0,0.39,0,0.39,,,180,0.39,,,3270,0.39,3850,0.39,,,,,120,0.39
47-4031,,,80,0.92,,,0,0.92,0,0.92,,,0,0.92,,,,,,,,
47-4041,280,0.53,170,0.53,210,0.53,620,0.53,430,0.53,110,0.53,2780,0.53,4980,0.53,,,70,0.53,300,0.53
47-4051,2110,0.87,1220,0.87,1640,0.87,2690,0.87,1400,0.87,1090,0.87,,,14880,0.87,1170,0.87,1480,0.87,2000,0.87
47-4061,,,,,,,,,,,,,,,2330,0.89,,,,,,
47-4071,80,0.83,170,0.83,0,0.83,0,0.83,230,0.83,,,,,1410,0.83,0,0.83,0,0.83,100,0.83
47-5012,,,,,,,,,,,,,,,0,0.53,,,,,0,0.53
47-5013,,,,,,,,,,,,,,,0,0.93,,,,,0,0.93
47-5021,0,0.85,,,0,0.85,0,0.85,220,0.85,0,0.85,0,0.85,460,0.85,0,0.85,0,0.85,0,0.85
47-5031,,,,,,,,,,,,,0,0.48,0,0.48,,,,,,
47-5041,0,0.54,0,0.54,0,0.54,0,0.54,,,,,,,0,0.54,,,60,0.54,0,0.54
47-5042,,,,,,,,,,,,,,,0,0.59,0,0.59,,,,
47-5051,0,0.96,,,,,,,,,,,,,0,0.96,,,0,0.96,,
47-5071,,,,,,,,,,,,,,,0,0.68,,,,,0,0.68
47-5081,,,,,,,,,,,,,,,0,0.37,,,,,,
49-1011,1750,0.003,1390,0.003,1660,0.003,2760,0.003,3550,0.003,700,0.003,10070,0.003,25590,0.003,530,0.003,910,0.003,2080,0.003
49-2011,410,0.74,260,0.74,650,0.74,550,0.74,1400,0.74,80,0.74,2770,0.74,6930,0.74,50,0.74,120,0.74,610,0.74
49-2021,0,0.93,,,,,,,,,,,,,270,0.93,,,,,,
49-2022,870,0.36,550,0.36,400,0.36,990,0.36,1830,0.36,210,0.36,4890,0.36,11100,0.36,170,0.36,560,0.36,410,0.36
49-2091,,,,,,,,,0,0.7,,,0,0.7,0,0.7,,,0,0.7,,
49-2092,0,0.76,0,0.76,0,0.76,0,0.76,170,0.76,0,0.76,0,0.76,490,0.76,,,0,0.76,60,0.76
49-2093,,,,,,,,,,,,,510,0.91,960,0.91,,,,,,
49-2094,240,0.41,200,0.41,230,0.41,140,0.41,250,0.41,0,0.41,0,0.41,2000,0.41,60,0.41,110,0.41,310,0.41
49-2095,,,,,0,0.38,220,0.38,,,70,0.38,1480,0.38,2110,0.38,50,0.38,,,50,0.38
49-2096,,,,,,,0,0.61,0,0.61,,,0,0.61,590,0.61,,,,,0,0.61
49-2097,80,0.65,70,0.65,100,0.65,0,0.65,350,0.65,,,600,0.65,1500,0.65,30,0.65,60,0.65,0,0.65
49-2098,290,0.82,130,0.82,190,0.82,500,0.82,1070,0.82,80,0.82,2030,0.82,4690,0.82,70,0.82,0,0.82,210,0.82
49-3011,130,0.71,50,0.71,90,0.71,240,0.71,290,0.71,,,1900,0.71,3080,0.71,0,0.71,100,0.71,150,0.71
49-3021,530,0.91,410,0.91,610,0.91,1550,0.91,1590,0.91,190,0.91,1290,0.91,7150,0.91,70,0.91,210,0.91,700,0.91
49-3022,0,0.55,,,0,0.55,,,,,,,0,0.55,930,0.55,,,,,170,0.55
49-3023,2710,0.59,2060,0.59,3020,0.59,5590,0.59,6980,0.59,1290,0.59,7180,0.59,34810,0.59,990,0.59,1510,0.59,3340,0.59
49-3031,860,0.73,980,0.73,910,0.73,1250,0.73,2120,0.73,420,0.73,4610,0.73,13300,0.73,450,0.73,450,0.73,910,0.73
49-3041,50,0.75,130,0.75,100,0.75,0,0.75,,,,,,,570,0.75,70,0.75,50,0.75,,
49-3042,340,0.4,310,0.4,250,0.4,320,0.4,440,0.4,90,0.4,340,0.4,2710,0.4,100,0.4,140,0.4,360,0.4
49-3043,,,,,,,,,,,,,,,1400,0.88,,,130,0.88,,
49-3051,120,0.66,0,0.66,230,0.66,,,400,0.66,0,0.66,0,0.66,1260,0.66,140,0.66,0,0.66,0,0.66
49-3052,80,0.79,,,0,0.79,120,0.79,0,0.79,,,,,650,0.79,,,0,0.79,70,0.79
49-3053,150,0.93,150,0.93,0,0.93,170,0.93,320,0.93,,,0,0.93,1480,0.93,0,0.93,120,0.93,190,0.93
49-3091,,,,,,,,,,,,,0,0.94,370,0.94,,,,,0,0.94
49-3092,,,0,0.59,,,,,,,0,0.59,,,0,0.59,30,0.59,,,0,0.59
49-3093,0,0.7,320,0.7,0,0.7,980,0.7,180,0.7,0,0.7,0,0.7,2200,0.7,0,0.7,120,0.7,170,0.7
49-9011,,,,,0,0.91,0,0.91,0,0.91,,,,,0,0.91,,,,,0,0.91
49-9012,420,0.63,280,0.63,480,0.63,340,0.63,560,0.63,50,0.63,1640,0.63,4310,0.63,70,0.63,110,0.63,370,0.63
49-9021,1030,0.65,800,0.65,1310,0.65,1490,0.65,3690,0.65,410,0.65,5520,0.65,15920,0.65,200,0.65,520,0.65,840,0.65
49-9031,180,0.72,0,0.72,290,0.72,0,0.72,880,0.72,0,0.72,1330,0.72,3330,0.72,,,0,0.72,0,0.72
49-9041,1080,0.67,980,0.67,1170,0.67,1260,0.67,1120,0.67,420,0.67,1210,0.67,9860,0.67,350,0.67,730,0.67,1510,0.67
49-9043,330,0.86,280,0.86,330,0.86,430,0.86,480,0.86,140,0.86,480,0.86,3410,0.86,160,0.86,160,0.86,600,0.86
49-9044,150,0.59,60,0.59,70,0.59,,,,,0,0.59,270,0.59,920,0.59,,,,,200,0.59
49-9045,,,,,,,,,,,,,,,0,0.82,,,,,,
49-9051,300,0.097,310,0.097,170,0.097,870,0.097,780,0.097,130,0.097,,,5000,0.097,320,0.097,380,0.097,250,0.097
49-9052,690,0.49,370,0.49,380,0.49,1010,0.49,860,0.49,80,0.49,4750,0.49,8900,0.49,0,0.49,210,0.49,340,0.49
49-9061,,,,,,,,,0,0.97,,,0,0.97,,,,,,,,
49-9062,150,0.27,70,0.27,150,0.27,,,270,0.27,0,0.27,720,0.27,2150,0.27,20,0.27,60,0.27,210,0.27
49-9063,,,,,,,0,0.91,130,0.91,0,0.91,,,580,0.91,0,0.91,,,0,0.91
49-9064,,,,,,,,,,,,,0,0.99,0,0.99,,,,,,
49-9071,5170,0.64,3590,0.64,6030,0.64,11010,0.64,11640,0.64,2060,0.64,50480,0.64,102190,0.64,2070,0.64,2830,0.64,6930,0.64
49-9091,0,0.94,160,0.94,170,0.94,,,260,0.94,,,500,0.94,1700,0.94,60,0.94,0,0.94,210,0.94
49-9092,,,,,,,,,,,,,,,0,0.18,,,,,,
49-9094,60,0.77,0,0.77,0,0.77,0,0.77,0,0.77,,,630,0.77,1110,0.77,0,0.77,0,0.77,0,0.77
49-9095,,,,,,,,,,,,,,,0,0.18,,,0,0.18,,
49-9096,,,,,,,0,0.89,0,0.89,,,0,0.89,0,0.89,,,0,0.89,,
49-9097,,,,,,,,,,,,,,,1060,0.9,,,,,,
49-9098,470,0.79,270,0.79,200,0.79,520,0.79,1070,0.79,190,0.79,1560,0.79,4960,0.79,60,0.79,180,0.79,320,0.79
51-1011,1720,0.016,1690,0.016,3050,0.016,2930,0.016,4290,0.016,790,0.016,6140,0.016,26240,0.016,620,0.016,1530,0.016,3430,0.016
51-2011,,,,,,,,,,,,,0,0.79,0,0.79,,,,,,
51-2021,,,,,0,0.73,0,0.73,0,0.73,0,0.73,,,510,0.73,,,,,150,0.73
51-2022,240,0.95,1250,0.95,1910,0.95,710,0.95,1860,0.95,0,0.95,1020,0.95,10530,0.95,,,1650,0.95,1600,0.95
51-2023,110,0.97,,,130,0.97,110,0.97,320,0.97,0,0.97,,,1390,0.97,40,0.97,60,0.97,390,0.97
51-2031,,,,,,,,,,,,,,,420,0.82,,,0,0.82,0,0.82
51-2041,0,0.41,160,0.41,170,0.41,0,0.41,320,0.41,70,0.41,760,0.41,2000,0.41,50,0.41,120,0.41,210,0.41
51-2091,,,,,,,,,,,,,,,0,0.93,,,,,90,0.93
51-2092,4430,0.97,2240,0.97,4770,0.97,3440,0.97,5470,0.97,1720,0.97,4910,0.97,39090,0.97,1610,0.97,3490,0.97,6750,0.97
51-2093,,,,,,,,,,,,,,,0,0.98,,,,,,
51-3011,800,0.89,410,0.89,340,0.89,1460,0.89,1280,0.89,210,0.89,4360,0.89,10180,0.89,130,0.89,260,0.89,930,0.89
51-3021,260,0.93,140,0.93,340,0.93,950,0.93,920,0.93,,,1870,0.93,5090,0.93,110,0.93,140,0.93,260,0.93
51-3022,120,0.94,100,0.94,70,0.94,780,0.94,280,0.94,,,1260,0.94,2920,0.94,0,0.94,60,0.94,150,0.94
51-3023,0,0.6,,,0,0.6,230,0.6,,,,,0,0.6,910,0.6,,,,,0,0.6
51-3091,,,0,0.91,0,0.91,100,0.91,0,0.91,0,0.91,0,0.91,520,0.91,,,0,0.91,0,0.91
51-3092,330,0.7,230,0.7,740,0.7,830,0.7,1280,0.7,490,0.7,2410,0.7,7840,0.7,290,0.7,320,0.7,910,0.7
51-3093,0,0.61,0,0.61,220,0.61,,,470,0.61,0,0.61,790,0.61,2180,0.61,,,,,430,0.61
51-4011,90,0.86,390,0.86,880,0.86,250,0.86,820,0.86,,,0,0.86,4620,0.86,50,0.86,510,0.86,910,0.86
51-4012,0,0.36,100,0.36,260,0.36,0,0.36,160,0.36,50,0.36,0,0.36,1160,0.36,,,70,0.36,330,0.36
51-4021,,,350,0.91,0,0.91,160,0.91,100,0.91,0,0.91,0,0.91,1250,0.91,,,0,0.91,0,0.91
51-4022,,,0,0.93,80,0.93,0,0.93,0,0.93,0,0.93,,,290,0.93,,,,,,
51-4023,0,0.83,,,180,0.83,,,0,0.83,,,,,430,0.83,,,0,0.83,90,0.83
51-4031,220,0.78,110,0.78,450,0.78,410,0.78,690,0.78,200,0.78,860,0.78,4210,0.78,40,0.78,230,0.78,980,0.78
51-4032,0,0.94,0,0.94,120,0.94,,,0,0.94,0,0.94,,,440,0.94,,,50,0.94,60,0.94
51-4033,0,0.95,170,0.95,420,0.95,100,0.95,280,0.95,200,0.95,0,0.95,2070,0.95,,,160,0.95,510,0.95
51-4034,0,0.84,180,0.84,460,0.84,,,0,0.84,0,0.84,0,0.84,1400,0.84,,,80,0.84,390,0.84
51-4035,,,,,120,0.98,,,130,0.98,,,0,0.98,540,0.98,,,0,0.98,160,0.98
51-4041,900,0.65,1000,0.65,3010,0.65,1260,0.65,2140,0.65,430,0.65,850,0.65,13900,0.65,170,0.65,1180,0.65,2740,0.65
51-4051,,,,,0,0.88,,,,,,,,,530,0.88,,,,,110,0.88
51-4052,,,60,0.87,,,,,,,,,0,0.87,340,0.87,,,,,0,0.87
51-4061,,,,,50,0.93,0,0.93,,,,,0,0.93,0,0.93,,,,,0,0.93
51-4062,,,,,,,,,,,,,,,0,0.9,,,,,0,0.9
51-4071,,,,,,,,,,,,,,,0,0.67,,,,,,
51-4072,150,0.95,410,0.95,780,0.95,400,0.95,300,0.95,330,0.95,0,0.95,3270,0.95,190,0.95,100,0.95,470,0.95
51-4081,200,0.91,290,0.91,600,0.91,150,0.91,460,0.91,90,0.91,0,0.91,2630,0.91,,,0,0.91,560,0.91
51-4111,90,0.84,160,0.84,470,0.84,160,0.84,220,0.84,80,0.84,0,0.84,2540,0.84,,,130,0.84,980,0.84
51-4121,630,0.94,740,0.94,1000,0.94,920,0.94,1260,0.94,290,0.94,1800,0.94,9190,0.94,220,0.94,620,0.94,1600,0.94
51-4122,0,0.61,50,0.61,100,0.61,0,0.61,0,0.61,0,0.61,0,0.61,790,0.61,60,0.61,70,0.61,230,0.61
51-4191,,,0,0.91,140,0.91,0,0.91,110,0.91,90,0.91,0,0.91,740,0.91,,,120,0.91,80,0.91
51-4192,,,0,0.84,,,,,0,0.84,,,,,0,0.84,,,,,0,0.84
51-4193,0,0.92,,,160,0.92,0,0.92,180,0.92,0,0.92,,,1330,0.92,,,500,0.92,220,0.92
51-4194,,,,,0,0.88,,,0,0.88,,,0,0.88,370,0.88,,,,,80,0.88
51-5111,220,0.97,60,0.97,210,0.97,0,0.97,430,0.97,60,0.97,580,0.97,2120,0.97,,,130,0.97,260,0.97
51-5112,660,0.83,370,0.83,1070,0.83,660,0.83,1460,0.83,280,0.83,2960,0.83,8960,0.83,230,0.83,320,0.83,940,0.83
51-5113,200,0.95,90,0.95,260,0.95,0,0.95,430,0.95,70,0.95,350,0.95,1680,0.95,,,130,0.95,110,0.95
51-6011,690,0.71,680,0.71,560,0.71,1430,0.71,2430,0.71,410,0.71,8200,0.71,15650,0.71,170,0.71,240,0.71,760,0.71
51-6021,0,0.81,0,0.81,170,0.81,630,0.81,320,0.81,0,0.81,770,0.81,2320,0.81,,,80,0.81,120,0.81
51-6031,150,0.89,50,0.89,430,0.89,320,0.89,1010,0.89,300,0.89,8570,0.89,11530,0.89,60,0.89,130,0.89,490,0.89
51-6041,,,,,,,,,,,160,0.52,360,0.52,660,0.52,,,,,,
51-6051,0,0.99,,,0,0.99,,,0,0.99,,,280,0.99,990,0.99,,,,,,
51-6052,0,0.84,0,0.84,60,0.84,130,0.84,,,,,780,0.84,,,0,0.84,,,0,0.84
51-6061,,,,,,,,,,,,,0,0.97,0,0.97,,,,,,
51-6062,,,,,,,0,0.95,0,0.95,0,0.95,260,0.95,600,0.95,,,,,80,0.95
51-6063,,,,,,,,,,,90,0.73,290,0.73,790,0.73,,,,,,
51-6064,,,60,0.96,,,0,0.96,,,,,,,310,0.96,,,,,,
51-6091,,,,,0,0.88,,,,,,,,,0,0.88,,,,,,
51-6092,,,,,0,0.0049,,,0,0.0049,,,1060,0.0049,1120,0.0049,,,,,,
51-6093,,,0,0.39,0,0.39,0,0.39,170,0.39,,,800,0.39,1520,0.39,,,,,0,0.39
51-7011,140,0.92,240,0.92,230,0.92,450,0.92,750,0.92,0,0.92,1330,0.92,3540,0.92,30,0.92,0,0.92,280,0.92
51-7021,0,0.87,,,0,0.87,0,0.87,280,0.87,,,0,0.87,870,0.87,,,,,120,0.87
51-7031,,,,,,,,,,,,,,,0,0.96,,,,,,
51-7032,,,,,,,,,,,,,,,0,0.91,,,,,,
51-7041,150,0.86,150,0.86,70,0.86,0,0.86,0,0.86,50,0.86,0,0.86,980,0.86,30,0.86,130,0.86,230,0.86
51-7042,170,0.97,140,0.97,0,0.97,280,0.97,610,0.97,260,0.97,0,0.97,2210,0.97,20,0.97,0,0.97,360,0.97
51-8012,,,,,,,0,0.64,,,,,0,0.64,270,0.64,,,,,,
51-8013,150,0.85,150,0.85,0,0.85,240,0.85,0,0.85,0,0.85,730,0.85,1940,0.85,140,0.85,50,0.85,120,0.85
51-8021,420,0.89,150,0.89,250,0.89,270,0.89,300,0.89,90,0.89,1950,0.89,4030,0.89,,,100,0.89,360,0.89
51-8031,470,0.61,350,0.61,290,0.61,730,0.61,640,0.61,300,0.61,660,0.61,4530,0.61,250,0.61,250,0.61,590,0.61
51-8091,360,0.85,,,,,,,,,,,,,740,0.85,,,,,130,0.85
51-8092,,,,,0,0.78,0,0.78,0,0.78,,,,,260,0.78,,,,,,
51-8093,,,,,,,120,0.71,,,,,,,0,0.71,,,,,0,0.71
51-8099,,,,,,,,,,,,,0,0.86,0,0.86,,,,,,
51-9011,50,0.76,70,0.76,200,0.76,260,0.76,,,,,0,0.76,1930,0.76,0,0.76,,,690,0.76
51-9012,80,0.88,170,0.88,200,0.88,0,0.88,210,0.88,70,0.88,380,0.88,1800,0.88,60,0.88,160,0.88,150,0.88
51-9021,180,0.97,0,0.97,70,0.97,0,0.97,110,0.97,0,0.97,250,0.97,980,0.97,60,0.97,80,0.97,110,0.97
51-9022,60,0.97,110,0.97,140,0.97,0,0.97,130,0.97,0,0.97,550,0.97,1400,0.97,,,50,0.97,140,0.97
51-9023,750,0.83,180,0.83,380,0.83,690,0.83,2230,0.83,150,0.83,1150,0.83,6910,0.83,140,0.83,260,0.83,970,0.83
51-9031,0,0.64,,,0,0.64,0,0.64,100,0.64,,,570,0.64,850,0.64,,,0,0.64,0,0.64
51-9032,210,0.86,70,0.86,480,0.86,170,0.86,320,0.86,0,0.86,400,0.86,2340,0.86,0,0.86,110,0.86,330,0.86
51-9041,520,0.93,0,0.93,190,0.93,0,0.93,460,0.93,50,0.93,270,0.93,2800,0.93,,,230,0.93,670,0.93
51-9051,0,0.37,,,50,0.37,0,0.37,,,,,,,430,0.37,60,0.37,80,0.37,90,0.37
51-9061,1680,0.98,1470,0.98,2880,0.98,2050,0.98,4230,0.98,740,0.98,2970,0.98,21310,0.98,520,0.98,1510,0.98,3070,0.98
51-9071,0,0.95,50,0.95,170,0.95,800,0.95,310,0.95,0,0.95,4190,0.95,5820,0.95,,,0,0.95,180,0.95
51-9081,50,0.97,0,0.97,220,0.97,420,0.97,390,0.97,60,0.97,470,0.97,2150,0.97,0,0.97,50,0.97,290,0.97
51-9082,0,0.45,,,0,0.45,0,0.45,150,0.45,,,0,0.45,740,0.45,,,0,0.45,60,0.45
51-9083,110,0.97,200,0.97,730,0.97,590,0.97,380,0.97,0,0.97,850,0.97,3180,0.97,,,60,0.97,180,0.97
51-9111,500,0.98,1100,0.98,1940,0.98,1610,0.98,3000,0.98,410,0.98,3140,0.98,15110,0.98,400,0.98,670,0.98,2280,0.98
51-9121,250,0.91,100,0.91,270,0.91,100,0.91,320,0.91,140,0.91,0,0.91,2000,0.91,60,0.91,190,0.91,410,0.91
51-9122,60,0.69,160,0.69,120,0.69,340,0.69,470,0.69,60,0.69,0,0.69,1580,0.69,30,0.69,80,0.69,0,0.69
51-9123,0,0.92,,,90,0.92,0,0.92,170,0.92,0,0.92,0,0.92,690,0.92,,,70,0.92,0,0.92
51-9141,,,,,,,,,,,,,,,420,0.88,,,160,0.88,,
51-9151,0,0.99,70,0.99,100,0.99,180,0.99,130,0.99,,,1040,0.99,1760,0.99,,,,,100,0.99
51-9191,110,0.95,,,,,,,0,0.95,,,0,0.95,350,0.95,,,0,0.95,60,0.95
51-9192,0,0.81,0,0.81,0,0.81,0,0.81,0,0.81,0,0.81,0,0.81,400,0.81,,,0,0.81,130,0.81
51-9193,,,,,70,0.93,,,,,,,,,0,0.93,,,,,0,0.93
51-9194,,,0,0.98,0,0.98,0,0.98,0,0.98,0,0.98,0,0.98,290,0.98,,,,,0,0.98
51-9195,70,0.9,60,0.9,170,0.9,0,0.9,180,0.9,0,0.9,0,0.9,1190,0.9,,,190,0.9,,
51-9196,790,0.67,630,0.67,460,0.67,0,0.67,620,0.67,,,610,0.67,4770,0.67,0,0.67,90,0.67,430,0.67
51-9198,580,0.66,410,0.66,900,0.66,1000,0.66,1690,0.66,350,0.66,3310,0.66,10350,0.66,380,0.66,380,0.66,1250,0.66
53-1011,,,,,0,0.066,0,0.066,,,,,0,0.066,300,0.066,,,,,,
53-1021,540,0.42,520,0.42,460,0.42,880,0.42,1380,0.42,300,0.42,2610,0.42,7760,0.42,120,0.42,240,0.42,630,0.42
53-1031,590,0.029,530,0.029,620,0.029,1080,0.029,1400,0.029,240,0.029,5160,0.029,11010,0.029,160,0.029,210,0.029,780,0.029
53-2011,,,,,,,,,,,,,5180,0.18,5830,0.18,,,310,0.18,,
53-2012,80,0.55,,,80,0.55,,,410,0.55,0,0.55,420,0.55,1280,0.55,,,,,0,0.55
53-2021,,,,,,,,,740,0.11,,,,,1100,0.11,,,,,,
53-2022,,,,,,,,,0,0.71,,,0,0.71,390,0.71,,,,,,
53-2031,,,,,,,,,0,0.35,,,9030,0.35,9320,0.35,,,,,,
53-3011,,,,,,,0,0.25,480,0.25,,,1120,0.25,1920,0.25,90,0.25,,,60,0.25
53-3021,270,0.67,0,0.67,440,0.67,1920,0.67,1570,0.67,0,0.67,15700,0.67,20880,0.67,120,0.67,390,0.67,270,0.67
53-3022,2780,0.89,2510,0.89,4570,0.89,9300,0.89,9710,0.89,1680,0.89,13250,0.89,50500,0.89,1170,0.89,1660,0.89,3860,0.89
53-3031,1340,0.98,1080,0.98,1880,0.98,1230,0.98,4170,0.98,530,0.98,9120,0.98,22070,0.98,430,0.98,630,0.98,1650,0.98
53-3032,4770,0.79,4890,0.79,4650,0.79,6370,0.79,9940,0.79,2300,0.79,13540,0.79,57290,0.79,1280,0.79,2820,0.79,5850,0.79
53-3033,2280,0.69,2290,0.69,2740,0.69,4780,0.69,7690,0.69,1040,0.69,16790,0.69,43840,0.69,780,0.69,1670,0.69,3380,0.69
53-3041,760,0.89,500,0.89,870,0.89,2620,0.89,2000,0.89,170,0.89,6310,0.89,15140,0.89,110,0.89,250,0.89,1160,0.89
53-4011,,,,,,,,,,,,,,,1650,0.96,,,,,,
53-4013,,,,,,,,,,,,,,,0,0.91,,,,,,
53-4021,,,,,,,,,,,,,,,640,0.83,,,,,,
53-4031,,,,,,,,,,,,,,,6070,0.83,,,,,,
53-4041,,,,,,,,,,,,,,,3630,0.86,,,,,,
53-5011,,,,,,,,,520,0.83,,,860,0.83,1620,0.83,,,,,220,0.83
53-5021,,,,,,,110,0.27,360,0.27,,,1130,0.27,1770,0.27,,,,,130,0.27
53-5031,,,,,,,,,,,,,370,0.041,660,0.041,,,,,100,0.041
53-6011,,,,,,,,,,,,,,,340,0.97,,,,,,
53-6021,590,0.87,300,0.87,380,0.87,1230,0.87,1740,0.87,0,0.87,9760,0.87,16280,0.87,60,0.87,170,0.87,920,0.87
53-6031,250,0.83,320,0.83,190,0.83,990,0.83,880,0.83,360,0.83,810,0.83,4890,0.83,0,0.83,100,0.83,0,0.83
53-6041,70,0.9,,,0,0.9,0,0.9,0,0.9,,,940,0.9,1350,0.9,,,,,0,0.9
53-6051,60,0.9,,,,,0,0.9,130,0.9,,,3410,0.9,4160,0.9,,,,,50,0.9
53-6061,,,,,,,0,0.75,100,0.75,,,1320,0.75,1630,0.75,,,,,0,0.75
53-7011,0,0.93,100,0.93,170,0.93,0,0.93,,,,,,,740,0.93,,,0,0.93,100,0.93
53-7021,100,0.9,0,0.9,60,0.9,290,0.9,,,0,0.9,0,0.9,1390,0.9,0,0.9,0,0.9,0,0.9
53-7032,90,0.94,130,0.94,0,0.94,,,160,0.94,70,0.94,450,0.94,1540,0.94,50,0.94,50,0.94,0,0.94
53-7033,,,,,,,,,,,,,,,0,0.5,,,,,,
53-7041,,,,,,,0,0.65,,,,,,,0,0.65,,,,,,
53-7051,1680,0.93,980,0.93,1340,0.93,1750,0.93,2030,0.93,590,0.93,3030,0.93,14860,0.93,220,0.93,830,0.93,2100,0.93
53-7061,910,0.37,710,0.37,1230,0.37,2170,0.37,3220,0.37,300,0.37,5980,0.37,17140,0.37,270,0.37,490,0.37,1620,0.37
53-7062,7130,0.85,5770,0.85,6400,0.85,11180,0.85,17130,0.85,3160,0.85,42270,0.85,109540,0.85,1770,0.85,4030,0.85,9010,0.85
53-7063,140,0.93,160,0.93,340,0.93,130,0.93,150,0.93,680,0.93,0,0.93,2660,0.93,220,0.93,320,0.93,410,0.93
53-7064,1320,0.38,990,0.38,1660,0.38,2790,0.38,4330,0.38,1030,0.38,10820,0.38,27740,0.38,560,0.38,1200,0.38,2720,0.38
53-7071,,,,,,,,,,,,,,,0,0.91,,,,,,
53-7072,,,,,,,,,,,,,,,0,0.9,,,,,,
53-7073,,,,,,,,,,,,,,,0,0.84,,,,,,
53-7081,320,0.93,160,0.93,290,0.93,1130,0.93,1190,0.93,170,0.93,5990,0.93,9970,0.93,170,0.93,140,0.93,370,0.93
53-7121,,,,,,,,,,,,,,,0,0.72,,,,,,