SOC_CODE,Probability,Capital Region Employment,Central New York Region Employment,Finger Lakes Region Employment,Hudson Valley Region Employment,Long Island Region Employment,Mohawk Valley Region Employment,New York City Region Employment,New York State Employment,North Country Region Employment,Southern Tier Region Employment,Western New York Region Employment
11-1011,0.015,1050,570,880,1480,1910,300,7350,15410,360,480,910
11-1021,0.16,8270,5700,9200,16690,24590,2600,77730,162890,1980,4300,10910
11-2011,0.039,60,0,60,120,,0,4550,5140,,0,70
11-2021,0.014,340,200,670,810,1110,70,12490,16510,50,170,430
11-2022,0.013,680,550,1040,1560,1990,150,12490,20180,50,200,1160
11-2031,0.015,420,110,200,340,280,,4270,6050,30,160,180
11-3011,0.73,940,430,870,1670,2620,180,10260,18510,180,350,810
11-3021,0.035,1470,520,1300,1900,2560,140,16270,25990,80,430,1070
11-3031,0.069,1570,840,1370,2600,3690,540,27050,40250,190,560,1620
11-3051,0.03,440,300,610,540,840,90,940,4780,110,280,600
11-3061,0.03,400,90,190,350,510,0,1890,3890,0,160,210
11-3071,0.59,170,130,140,350,570,0,1300,3340,40,90,240
11-3111,0.96,120,0,70,0,120,,970,1490,,0,60
11-3121,0.0055,640,170,390,530,790,80,6850,10090,40,170,340
11-3131,0.0063,190,60,250,300,220,0,1790,3040,20,0,110
11-9013,,,,,,,,,0,,,
11-9021,0.071,710,340,840,1260,1650,,6660,12630,120,230,530
11-9031,0.015,310,160,,640,750,90,2250,4860,30,100,320
11-9032,0.0046,770,530,1150,3090,2730,380,8440,19260,310,570,1290
11-9033,0.01,670,420,950,890,1070,240,5770,11380,230,500,640
11-9041,0.017,720,360,690,900,820,0,2730,7430,40,420,590
11-9051,0.083,370,270,490,860,890,120,2180,6010,100,210,500
11-9071,,,,,,,,,0,,,
11-9081,0.0039,0,0,,0,0,,260,560,,,50
11-9111,0.0073,1670,700,1290,2740,4170,510,12750,26010,370,520,1210
11-9121,0.018,210,80,90,370,230,,780,1900,0,0,90
11-9131,0.75,90,60,80,200,150,60,,880,70,70,90
11-9141,0.81,270,100,320,230,610,50,5510,7510,20,60,310
11-9151,0.0067,820,420,670,1450,1030,240,6060,11960,250,350,640
11-9161,0.003,100,0,0,110,0,0,0,600,20,0,0
11-9199,0.25,1250,480,650,1190,1220,250,7630,14640,320,,990
13-1011,0.24,0,,0,,0,,2470,3050,,,
13-1021,0.87,0,0,0,0,0,,0,300,,,0
13-1022,0.29,290,190,370,810,1400,90,4190,8120,80,130,470
13-1023,0.77,920,640,1260,1170,1470,310,6870,14750,180,580,1230
13-1031,0.98,1740,1000,1230,1030,4270,990,7670,20520,70,510,1530
13-1032,0.98,0,50,70,0,470,,,810,,0,60
13-1041,0.08,1630,750,1230,1720,1920,390,10170,21130,740,390,2070
13-1051,0.57,720,450,770,1170,2240,170,3060,9850,110,260,840
13-1081,0.012,170,110,400,370,440,0,1020,2960,70,70,230
13-1111,0.13,2790,730,1610,2810,3440,270,25340,40000,290,530,1730
13-1121,0.037,430,180,310,820,0,120,5650,9150,40,140,430
13-1141,0.47,780,230,350,500,790,60,5500,8910,50,160,390
13-1151,0.014,1300,630,1400,1880,1820,250,9430,18970,230,390,1360
13-1161,0.61,1650,920,2450,3840,4410,360,39630,56840,230,640,2120
13-1199,0.23,2130,760,1150,1640,2240,230,12910,23420,390,,1270
13-2011,0.94,4640,2750,4840,6520,13030,1040,68380,108810,660,1540,4830
13-2021,0.9,300,160,270,290,520,130,1040,3370,150,190,330
13-2031,0.94,570,0,140,210,280,0,1620,3430,50,80,100
13-2041,0.98,160,110,140,360,760,0,5340,7630,0,90,490
13-2051,0.23,830,350,960,1710,1590,210,41790,49020,0,310,980
13-2052,0.58,690,,600,2180,1880,120,20490,27790,80,300,770
13-2053,0.99,620,240,260,510,1140,500,4180,7870,,120,210
13-2061,0.17,110,90,0,100,190,,4300,5140,,0,170
13-2071,0.04,150,70,110,150,170,70,980,1910,20,0,120
13-2072,0.98,670,510,590,610,1700,330,5250,11250,190,390,1000
13-2081,0.93,1630,120,150,330,1320,0,1180,5270,50,60,330
13-2082,0.99,70,170,320,0,270,,940,2380,,130,160
13-2099,0.33,110,50,0,190,330,170,3070,4230,0,0,190
15-1111,0.015,60,,,,,130,480,920,,0,0
15-1121,0.0065,3820,680,2690,1980,3190,340,22310,38220,210,460,1960
15-1131,0.48,2170,560,1320,1400,2160,260,7790,17790,80,520,1250
15-1132,0.042,2290,1090,2550,2560,3870,320,33350,49360,90,1040,1700
15-1133,0.13,810,720,2110,1740,2020,230,9570,19010,20,580,940
15-1141,0.03,530,120,380,590,790,70,3550,6660,50,120,360
15-1142,0.03,1610,730,1610,2100,2860,310,12690,24600,210,630,1520
15-2011,0.21,140,,,,,0,1680,2410,,0,0
15-2021,,,,,,,,,0,,,
15-2031,0.035,190,150,170,510,220,60,4010,5700,,0,320
15-2041,0.22,90,0,0,0,0,,690,1040,,0,0
15-2091,,,,,,,,,0,,,
17-1011,0.018,350,180,260,,,0,9820,12550,60,90,390
17-1012,0.045,160,80,0,0,200,0,590,1470,,,50
17-1021,,,0,,0,,,0,0,,,
17-1022,0.38,140,0,150,230,270,,560,1680,40,0,80
17-2011,,,50,,0,140,,0,380,,0,
17-2031,0.037,50,,270,0,0,,0,780,,0,
17-2041,0.017,270,0,310,160,0,,0,1130,,50,170
17-2051,0.019,1310,570,990,1690,1880,190,7060,15450,210,440,800
17-2061,0.22,70,130,310,0,170,70,350,1630,,,0
17-2071,0.1,1600,650,1310,2160,1420,160,2810,11270,20,470,570
17-2072,0.025,230,170,370,310,970,,610,3450,20,220,180
17-2081,0.018,540,240,130,300,470,60,1020,3290,90,90,310
17-2111,0.028,230,50,,320,210,0,530,1830,20,100,120
17-2112,0.029,1390,760,1700,1320,1180,160,1150,10290,110,1120,1370
17-2121,,,,,,,,0,0,,,
17-2131,0.021,280,50,80,0,0,0,0,1220,0,,
17-2141,0.011,1600,730,1680,990,1360,220,2210,11320,90,810,1490
17-2151,,,,,,,,,0,,,
17-2161,,,0,70,,,,,540,,,
17-2199,0.014,240,230,370,,390,,680,2770,20,0,180
17-3011,0.52,440,200,270,560,1020,0,3280,6210,30,110,250
17-3012,0.81,80,120,190,0,180,,600,1480,,90,110
17-3013,0.68,220,200,320,250,560,60,1170,3750,30,160,750
17-3021,,,,,,,,,0,,,
17-3022,0.75,190,100,140,370,320,0,460,1840,20,60,110
17-3023,0.84,470,320,880,900,1040,60,1270,5880,40,440,430
17-3024,,,,60,0,110,,,530,,0,0
17-3025,0.25,90,80,90,0,210,,400,1220,0,0,0
17-3026,0.03,510,130,700,270,200,0,0,3170,40,620,280
17-3027,0.38,270,100,190,0,290,0,0,1550,,180,150
17-3029,0.24,320,80,230,0,110,0,550,2030,70,,140
17-3031,0.96,90,100,,210,530,0,0,1480,50,90,90
19-1011,,,,,,,,,0,,150,
19-1012,,,0,90,140,0,,0,580,,60,70
19-1013,,,,0,,0,,0,0,,50,0
19-1021,0.027,210,,60,0,230,,0,1530,0,90,
19-1022,0.012,0,0,0,0,190,,260,1340,,70,0
19-1023,,,,,0,0,0,0,430,30,50,0
19-1029,0.015,0,0,0,,120,,250,620,,0,60
19-1031,0.016,0,0,0,,0,0,0,,20,0,0
19-1032,0.0081,0,,,,,0,,0,20,50,0
19-1041,,,,,0,0,,0,0,,,
19-1042,0.0045,610,,290,720,1120,0,5370,9900,,0,640
19-2012,0.1,0,0,,0,,0,0,1070,,220,
19-2021,0.67,90,,,0,0,,0,470,,,
19-2031,0.1,400,110,160,0,1070,0,930,4170,0,170,270
19-2032,0.021,70,0,,0,0,,,370,,,
19-2041,0.033,500,230,170,480,630,0,1210,3700,80,80,270
19-2042,0.63,170,50,0,0,110,0,290,940,,,60
19-2043,0.014,0,,,,100,,,0,,,0
19-2099,0.43,520,,50,0,,,310,970,,,
19-3011,0.43,70,,0,,0,0,380,570,,0,0
19-3022,,,,50,,,,290,620,,,
19-3031,0.0047,620,530,670,1830,1580,190,4710,11230,210,330,570
19-3039,,,,0,0,100,,270,610,20,,
19-3041,,,,,,,,270,290,,,
19-3051,0.13,130,50,120,190,0,0,680,1430,20,0,100
19-3091,,,,,,,,0,0,,,
19-3092,,,,,,,,,0,,,
19-3093,0.44,80,0,70,0,0,60,,460,60,0,0
19-3094,0.039,0,,,,,,0,0,,,
19-3099,0.04,210,70,70,0,0,,1830,2470,50,0,0
19-4011,0.97,0,,60,0,,,0,930,20,560,110
19-4021,0.3,420,240,120,410,390,0,1110,3440,60,350,270
19-4031,0.57,440,,150,0,480,0,500,2710,70,200,310
19-4041,,,,,,0,,,0,,,0
19-4061,0.65,1010,150,50,220,710,,2950,6340,,210,
19-4091,0.77,140,100,130,280,320,0,830,2170,20,50,210
19-4092,0.0095,130,,,0,0,,,720,,,0
19-4093,,,0,,0,,0,,410,30,,50
19-4099,0.61,220,160,610,230,590,70,2860,5120,20,130,
21-1011,0.033,520,260,360,840,800,180,3760,7590,210,180,470
21-1012,0.0085,1230,720,1660,2440,2200,670,10300,22620,480,1100,1800
21-1013,0.014,100,0,0,0,0,,280,730,,0,0
21-1014,0.0048,400,390,560,950,960,250,2480,6960,80,170,730
21-1015,0.0094,540,200,650,1900,880,450,3120,8750,200,190,590
21-1021,0.028,1380,560,1140,2130,2150,470,12410,22630,360,560,1400
21-1022,0.0035,690,350,950,1490,1360,270,6230,12540,180,330,680
21-1023,0.0031,580,520,720,1330,1260,350,4980,11040,190,350,760
21-1091,0.045,350,160,360,270,430,120,2760,4890,100,160,180
21-1092,0.25,420,280,440,730,450,210,1020,4450,290,180,410
21-1093,0.13,2520,1770,2520,4210,2290,830,15020,33340,740,1170,2240
21-2011,0.0081,720,310,470,700,,150,3830,8490,160,250,790
21-2021,0.025,250,160,240,350,550,50,1190,3360,80,60,440
23-1011,0.035,3410,1450,1980,4580,7970,460,48860,72760,370,580,2690
23-1012,,,,,0,,,,690,,,0
23-1021,,,0,,0,200,,870,1410,,,90
23-1022,0.06,90,0,0,0,0,,0,460,,50,0
23-1023,0.4,340,200,330,390,190,170,,3250,210,280,340
23-2011,0.94,1150,640,1010,1770,3120,100,12630,22220,140,360,1240
23-2091,0.5,0,0,0,0,230,,610,1380,,,110
23-2093,0.99,90,0,170,0,0,0,1420,3450,0,0,150
25-2011,0.0074,1810,1460,1850,5640,4750,520,20180,40000,370,930,2500
25-2012,0.15,450,250,730,1320,1350,210,1700,7400,210,450,750
25-2021,0.0044,3890,3300,5210,10810,13470,1940,29950,79560,1620,3100,6280
25-2022,0.17,2040,2260,2940,6640,6590,1180,14040,40350,870,970,2820
25-2023,0.26,140,220,150,260,320,70,0,1930,40,70,260
25-2031,0.0078,4320,2360,6250,10210,11470,1960,19670,65880,1440,2690,5510
25-2032,0.0088,420,190,530,330,580,220,660,4170,440,190,610
25-2053,0.016,450,400,890,1410,1810,270,4980,11320,170,260,670
25-2054,0.0077,860,390,1570,3100,2420,420,6530,17270,270,540,1180
25-3011,0.19,180,520,130,640,490,140,2480,5010,30,100,290
25-3021,0.13,1560,760,1820,4770,5580,650,16440,34010,230,640,1550
25-4011,0.76,0,0,0,0,0,0,640,870,,0,0
25-4012,0.0068,80,0,60,0,0,0,920,1310,20,0,50
25-4013,0.59,90,0,,0,0,,580,920,,0,70
25-4021,0.65,820,560,770,1850,2470,270,3530,11860,240,500,840
25-4031,0.99,400,390,370,1340,1510,170,2010,7390,260,340,600
25-9011,0.39,50,0,180,0,0,,0,680,30,0,60
25-9021,,,,,,,,,0,,,
25-9031,0.0042,980,450,770,760,1060,190,5800,11650,190,780,650
25-9041,0.56,6570,5030,8490,20120,22160,3180,44340,125840,2380,4450,9050
27-1011,0.023,150,60,160,210,320,0,6780,7960,,0,130
27-1012,,,,,0,,,260,,,,
27-1013,0.042,0,,0,0,0,,920,1350,,0,0
27-1014,,,50,0,,0,,1700,1960,,0,
27-1021,0.037,80,50,250,330,230,0,1730,2910,0,,110
27-1022,,,,,0,230,0,7020,7590,,,0
27-1023,0.047,180,100,190,270,0,,840,2570,50,110,280
27-1024,0.082,640,420,860,1350,1740,190,14790,21440,100,300,860
27-1025,0.022,90,0,150,,280,,1890,2970,,60,160
27-1026,0.48,160,190,340,690,1690,50,2980,6680,0,160,160
27-1027,,,0,0,0,0,,1830,2210,,,60
27-2012,0.022,330,160,310,430,530,0,19930,23490,50,170,240
27-2021,,,,0,0,,,0,,,,
27-2022,0.013,550,450,970,1620,1550,340,2580,9730,340,460,860
27-2023,0.98,0,0,0,0,,,,,,,0
27-2032,,,,,,0,,0,0,,,
27-2041,0.015,170,130,310,0,,120,1340,3480,100,140,210
27-3011,0.1,150,0,130,0,0,,1130,2030,60,,140
27-3012,0.72,50,50,0,0,110,,0,620,,0,
27-3021,,,0,,,,,810,,,,
27-3022,0.11,140,0,70,280,310,0,2940,4050,50,0,
27-3031,0.18,1430,560,1020,860,1400,160,18630,25440,150,440,690
27-3041,0.055,530,170,360,640,1150,120,16060,19890,40,190,310
27-3042,0.89,120,80,230,130,320,0,1290,2390,0,50,130
27-3043,0.038,160,60,130,320,310,0,5440,6800,0,70,110
27-3091,0.38,90,0,280,110,,90,1710,2720,,0,0
27-4011,0.55,130,290,180,300,380,0,4230,6580,30,140,430
27-4012,0.74,110,160,110,0,110,,3100,4010,,50,180
27-4014,0.13,0,,70,0,0,,1710,2100,,,0
27-4021,0.021,160,100,150,310,400,0,2280,3720,,90,100
27-4031,0.6,0,,80,,0,,1200,1620,20,,0
27-4032,0.31,0,,50,0,0,,4280,4850,,,
29-1011,0.027,160,,110,120,570,,610,1840,0,0,170
29-1021,0.0044,320,340,350,1040,1020,120,4040,7710,80,130,250
29-1022,0.0036,0,,,0,0,,0,660,,,0
29-1023,,,,,,0,,0,0,,,
29-1031,0.0039,310,170,310,780,710,150,1990,4960,90,130,320
29-1041,0.14,130,80,150,570,540,0,970,2690,0,60,130
29-1051,0.012,1320,650,870,2100,2720,630,9600,20430,390,420,1700
29-1071,0.14,800,580,810,930,2600,220,5000,12070,250,180,690
29-1081,0.0046,0,,0,0,300,,590,1140,,0,60
29-1122,0.0035,500,370,670,1150,1280,250,2650,8140,200,240,720
29-1123,0.021,1020,690,1070,1840,3380,340,6000,16390,390,350,1180
29-1124,0.34,160,,140,0,180,0,720,1540,0,0,190
29-1125,0.0028,60,0,130,250,310,70,580,1640,30,80,80
29-1126,0.066,360,240,410,610,900,150,2320,5840,100,160,540
29-1127,0.0064,770,360,770,1450,2000,230,4000,11360,210,260,1270
29-1131,0.038,240,160,250,580,720,0,620,3040,60,140,210
29-1181,0.0033,0,0,120,0,0,0,0,920,0,0,100
29-1199,0.02,50,90,,110,280,,1220,2110,0,0,50
29-2011,0.9,690,440,920,840,1700,220,4660,10380,180,260,420
29-2012,0.47,510,0,950,570,980,140,3270,7740,120,260,400
29-2021,0.68,690,650,1050,1150,2170,220,2820,10750,290,480,1230
29-2031,0.23,260,120,110,310,660,70,1220,3110,70,50,230
29-2032,0.35,280,210,390,570,840,160,1780,4730,70,150,270
29-2033,0.13,60,50,70,0,240,50,520,1260,40,0,110
29-2041,0.049,1330,680,1160,1830,2920,510,4620,14750,260,650,780
29-2051,0.13,0,0,110,100,110,0,320,930,30,0,70
29-2052,0.92,1270,620,1250,1600,2660,520,7050,17660,360,460,1800
29-2053,0.043,0,,170,370,0,,750,1540,,,50
29-2054,,,,0,0,0,,0,280,,,0
29-2055,0.34,310,200,350,430,700,130,2740,5560,70,160,460
29-2056,0.029,340,200,280,560,720,60,1370,4270,100,340,310
29-2061,0.058,3700,2940,3970,6010,5560,2090,14070,46990,1630,1800,5140
29-2071,0.91,650,480,500,870,1360,310,3270,8800,210,260,870
29-2081,0.71,150,170,250,730,620,100,800,3450,80,100,450
29-2091,0.0035,0,,,0,120,0,0,440,,,
29-9011,0.17,450,230,310,250,420,80,940,3230,80,110,270
29-9012,0.25,0,50,0,,0,0,520,730,,,0
29-9091,0.0071,0,110,110,250,160,50,0,1240,40,0,150
31-1011,0.39,4590,2170,4500,11620,12030,2140,128970,173830,1240,1210,5070
31-1013,0.47,260,0,150,1140,770,390,1860,5900,530,390,250
31-2011,0.028,100,0,140,450,260,70,790,2300,40,70,270
31-2012,0.27,0,0,,0,0,,0,400,0,0,50
31-2021,0.018,290,210,330,530,810,180,1110,4200,120,110,380
31-2022,0.61,70,90,110,460,930,0,940,2940,0,60,180
31-9011,0.54,290,90,,470,1290,110,1120,4180,30,100,0
31-9091,0.51,1030,800,1100,2270,3830,280,8800,20040,330,450,1120
31-9092,0.3,1090,710,990,2530,4130,330,11490,23860,250,430,1910
31-9093,0.78,210,80,140,240,560,100,1030,2720,60,100,190
31-9094,0.89,130,180,210,140,490,100,520,2190,60,50,300
31-9095,0.72,60,100,,170,710,0,1050,2480,130,0,140
31-9096,0.86,290,300,300,0,920,,400,3690,60,260,480
33-1011,0.025,350,150,390,750,,210,1100,3940,390,140,210
33-1012,0.0044,640,310,530,1310,1150,200,6970,12160,170,230,650
33-1021,0.0036,0,0,270,520,210,80,,3770,60,60,320
33-2011,0.17,210,0,710,1380,210,240,6300,10490,210,0,880
33-2021,0.48,70,0,0,0,0,,0,520,,0,0
33-2022,,,,,0,,,,0,,,
33-3011,0.36,210,130,240,460,440,100,,3960,50,90,230
33-3012,0.6,3020,1460,3770,6740,1460,1740,8780,34460,3900,1220,2340
33-3021,0.34,830,260,420,830,1190,140,3840,8920,360,220,810
33-3031,,,,,,,,,360,70,,
33-3041,,,,0,170,100,,0,490,,,0
33-3051,0.098,1880,1280,1950,4930,4960,900,27120,47870,820,1040,2930
33-3052,,,,,,,,1440,1480,,,
33-9011,0.21,110,80,80,130,0,50,,850,50,120,140
33-9021,0.31,120,50,60,0,150,,0,1960,,160,0
33-9031,,,,50,,,,,0,,,
33-9032,0.84,3090,2220,3220,9110,13690,910,72770,112750,420,970,5900
33-9091,0.49,140,140,230,470,1320,60,5470,8390,30,160,320
33-9092,0.67,820,300,490,810,1870,70,3260,8770,160,430,460
35-1011,0.1,890,280,630,2410,1460,300,7940,15110,260,280,640
35-1012,0.63,2770,2100,3350,4770,6850,1100,19780,46440,720,1440,3450
35-2011,0.81,0,570,1670,670,2230,0,7510,16780,1000,650,1680
35-2012,0.83,960,830,1430,2070,2250,640,4970,16020,540,700,1580
35-2014,0.96,3760,2600,3430,6670,9360,1160,33030,67370,1290,1320,4630
35-2015,0.94,600,0,1050,640,890,330,6450,12070,430,400,1040
35-2021,0.87,3300,2820,2870,6460,8690,1110,31460,63560,1000,2090,3670
35-3011,0.77,2960,1930,2750,4070,4710,1150,19090,43730,1160,1630,4210
35-3021,0.92,10930,8220,11600,18260,25010,4020,51870,158140,3340,6150,18340
35-3022,0.96,2010,1350,2460,1540,4450,660,15300,31480,270,520,2760
35-3031,0.94,8520,5280,10220,17270,22300,2770,69170,155660,3450,4010,12400
35-3041,0.86,1040,900,1070,2390,2060,620,6070,16550,260,590,1490
35-9011,0.91,1190,1510,1680,3750,3600,320,17980,33410,590,580,1750
35-9021,0.77,2190,1500,2390,3420,4460,950,14390,34360,880,1430,2690
35-9031,0.97,1300,800,1360,2780,3440,260,8800,20990,340,640,1230
37-1011,0.94,760,450,740,1610,1850,220,5700,13150,310,450,980
37-1012,0.57,230,260,380,810,1430,60,890,4770,130,180,390
37-2011,0.66,10680,7160,10740,20150,25620,3980,95330,196830,3200,6600,12310
37-2012,0.69,2770,1960,2210,6300,3880,1250,25460,50540,1160,1530,3860
37-2021,0.66,180,90,120,1030,710,,590,2910,20,,120
37-3011,0.95,3870,2570,3480,9320,13370,990,5450,46430,1240,1470,4400
37-3012,,,0,0,0,0,,0,560,0,,
37-3013,0.77,0,,,0,360,0,0,1520,,0,0
39-1011,,,,0,,,,,370,,,100
39-1012,,,,,,,,,0,,,0
39-1021,0.076,1060,630,930,2380,2340,540,7320,17190,310,540,1100
39-2011,0.1,130,,60,110,170,0,0,720,,0,60
39-2021,0.82,940,410,800,1960,2780,260,4360,13220,290,380,980
39-3011,,,,,,,,,1000,,,520
39-3012,,,,80,,,0,,680,,,140
39-3021,,,,,0,,,0,0,,,
39-3031,0.96,180,200,230,950,850,50,5950,9250,,140,520
39-3091,0.72,1030,520,1020,2970,2710,270,4110,14840,170,280,1590
39-3092,,,,,0,,,1230,1350,,,
39-3093,0.43,0,90,90,180,210,,1050,1720,,,50
39-4011,,,,,,,,,0,,,
39-4021,0.37,150,0,120,,280,130,0,1270,,60,
39-5011,0.8,350,,,,0,,0,2130,,,
39-5012,0.11,1160,580,1640,4060,4180,450,11360,26410,240,560,2130
39-5091,,,,,,,,690,800,,,
39-5092,0.95,0,380,380,310,3920,,8310,14080,0,130,0
39-5093,0.79,80,,,420,370,,900,1890,,,
39-5094,0.29,180,70,0,0,670,,2250,3950,0,60,80
39-6011,0.83,50,190,80,220,150,,3380,4290,0,,110
39-6012,0.21,0,,160,460,0,,2750,4080,110,0,100
39-7011,0.91,0,50,160,210,0,,1590,2460,30,0,130
39-7012,,,,,,,,0,0,,,
39-9011,0.084,2500,1470,2270,4910,4550,1210,15300,36500,590,1420,2290
39-9021,0.74,6130,4460,8210,16700,23770,5670,74130,156820,3440,4390,9430
39-9031,0.085,1050,690,1100,2390,2370,170,8970,18420,170,290,1170
39-9032,0.0061,1320,920,1850,3400,3950,470,11890,27260,450,740,2180
39-9041,0.064,350,280,300,630,630,,2350,6330,150,340,440
41-1011,0.28,3940,2750,4430,7640,10150,1630,23230,63120,1530,2060,5620
41-1012,0.075,880,680,1060,1580,2440,190,11960,21180,200,270,1500
41-2011,0.97,12450,8360,14590,24980,30170,5010,69260,193870,4550,6760,17480
41-2012,,,,,,,,,880,,,250
41-2021,0.97,1240,1170,1620,1900,3140,420,8750,21180,460,710,1740
41-2022,0.98,740,940,1110,1660,1680,460,1130,9630,310,450,1150
41-2031,0.92,17210,12370,19030,39870,53690,6430,134640,322980,6060,8430,24370
41-3011,0.54,410,240,470,740,1180,,17480,21790,140,260,540
41-3021,0.92,1220,850,0,2800,4650,300,6560,21040,190,430,1660
41-3031,0.016,840,610,910,,3950,170,46330,57550,0,400,1850
41-3041,0.099,90,120,230,0,650,0,4440,5970,0,0,310
41-4011,0.25,880,700,1620,1320,2920,110,5130,16220,50,280,1840
41-4012,0.85,4080,3670,5330,8030,15730,1120,38620,87740,910,1910,6860
41-9011,0.51,80,50,170,370,620,70,2260,4460,0,0,160
41-9012,0.98,0,,,,,,,490,,,
41-9021,0.97,0,0,,0,,0,930,1610,,0,
41-9022,0.86,160,170,310,660,1020,0,3350,6020,30,0,210
41-9031,0.0041,160,140,290,290,340,,1270,2750,,0,160
41-9041,0.99,220,0,600,550,760,0,2800,7510,,180,0
43-1011,0.014,6420,4270,6880,10520,17420,1890,53680,114050,1370,2760,8020
43-2011,0.96,390,240,370,420,810,150,2440,5580,70,250,410
43-2021,0.97,90,,0,0,140,,360,800,,0,50
43-3011,0.95,570,530,1990,1030,3060,240,4640,17130,100,700,4200
43-3021,0.96,1620,1440,2020,4070,7740,590,12260,33680,420,700,2650
43-3031,0.98,7160,4780,6900,11340,20380,2850,47460,115270,2150,3740,7920
43-3041,,,,,,,,,260,,,60
43-3051,0.97,590,440,880,1020,1400,270,3730,9730,160,330,820
43-3061,0.98,380,190,350,360,610,140,1160,3790,100,140,330
43-3071,0.98,1540,910,1280,3090,4580,770,11060,26650,650,700,2050
43-4011,0.98,160,90,60,0,430,0,5130,6250,,60,
43-4021,0.86,0,,,,0,,0,0,,,0
43-4031,0.46,870,310,460,940,910,220,2430,7360,270,290,580
43-4041,0.97,70,70,100,100,320,0,860,1880,0,0,240
43-4051,0.55,10560,7200,13740,14220,24290,2950,62480,157070,1920,4040,13320
43-4061,0.7,690,500,800,1030,1780,340,3950,10550,280,330,800
43-4071,0.97,480,290,420,810,1490,190,5040,9810,110,450,510
43-4081,0.94,710,680,530,790,800,180,4830,10380,440,360,1040
43-4111,0.94,800,490,1240,1170,1970,310,6730,14310,230,330,910
43-4121,0.95,430,460,560,1140,1500,200,2090,7230,150,320,390
43-4131,0.92,230,200,260,470,1420,80,2190,5780,0,200,660
43-4141,0.99,90,0,70,310,180,,0,930,,0,
43-4151,0.98,450,340,560,650,1110,100,2490,6710,80,150,690
43-4161,0.9,720,410,930,900,1480,310,4730,10920,180,340,800
43-4171,0.96,4650,3250,4820,9570,18440,1890,37610,90100,1000,2450,6160
43-4181,0.61,290,150,80,220,550,,9600,11400,40,100,150
43-5011,0.99,0,0,100,240,1320,,4010,6660,230,0,530
43-5021,0.94,370,200,390,800,460,70,3350,6150,80,180,230
43-5031,0.49,360,250,400,720,1090,150,340,4090,130,190,430
43-5032,0.96,720,730,670,1220,1250,170,5020,11500,90,290,820
43-5041,0.85,60,,,130,0,0,840,1590,30,60,
43-5051,0.95,410,270,350,860,980,220,2140,6090,270,250,340
43-5052,0.68,1160,920,1380,2720,3770,550,9060,22430,460,740,1670
43-5053,0.79,510,380,580,940,1950,0,4750,9540,20,0,340
43-5061,0.88,1230,910,1900,1970,3260,300,13670,26120,180,720,1600
43-5071,0.98,1680,1540,2370,3490,6760,800,12000,33150,540,1090,2690
43-5081,0.64,6020,5420,6470,17860,20690,2150,38690,112890,2000,3570,9010
43-5111,0.95,60,140,180,160,300,90,850,2170,20,130,210
43-6011,0.86,4080,1550,2660,7320,9620,740,51870,82810,400,1090,2970
43-6012,0.98,580,430,680,1010,1900,0,8340,14840,90,150,1130
43-6013,0.81,770,850,980,1130,1490,260,4520,11720,120,190,1370
43-6014,0.96,11600,6950,13460,21850,31620,3680,86170,197930,3010,6520,12310
43-9011,0.78,360,0,260,620,670,60,1800,4420,20,150,250
43-9021,0.99,1100,390,580,1110,2250,150,5680,12770,140,310,770
43-9022,0.81,1740,960,1000,2710,4050,500,1770,15720,570,560,1780
43-9031,0.16,0,0,0,0,0,,590,780,,,
43-9041,0.98,1020,470,430,800,1900,200,4050,10830,0,290,1310
43-9051,0.94,570,180,320,500,1420,110,4450,8290,110,170,430
43-9061,0.96,12270,6440,9380,18190,25590,3220,92450,188250,2590,4820,11800
43-9071,0.92,200,200,220,850,470,0,1670,4400,20,110,190
43-9081,0.84,70,0,0,0,0,,820,1400,,,50
43-9111,0.66,0,0,,0,0,,490,650,,0,0
45-1011,0.57,0,0,0,0,0,0,,0,,0,0
45-2011,,,,,0,0,,0,,0,,
45-2041,,,,0,,,,,0,,,
45-4011,,,0,,,,,,0,,,0
45-4021,0.76,0,,,,,,,0,,,
45-4022,0.79,60,0,,,,0,,380,170,0,0
45-4023,0.97,0,,,,,,,0,,0,
47-1011,0.17,1560,1130,1280,2910,4200,370,8400,23530,560,630,1820
47-2011,0.68,80,,,,0,,0,320,,,
47-2021,0.82,330,260,300,570,1020,0,3280,6300,40,0,430
47-2022,0.89,0,,,0,920,,0,1680,,,
47-2031,0.72,2810,2080,2830,7600,10730,960,15640,48240,890,1330,2750
47-2041,,,,0,,220,0,,1350,,,
47-2042,,,,0,,,,,470,,,0
47-2043,,,,,,,,0,0,,,
47-2044,0.75,110,160,,150,390,,0,1890,,90,80
47-2051,0.94,230,150,350,1100,1730,140,3290,7640,40,90,500
47-2053,,,,,,,,,0,,,
47-2061,0.88,3770,2100,3510,9490,12680,1260,20250,61070,1310,1630,4580
47-2071,0.83,0,0,0,,220,70,610,2030,0,,200
47-2072,,,,,,,,0,,,,
47-2073,0.95,1320,600,840,2240,2090,400,1920,11940,480,620,1120
47-2081,0.79,190,0,210,380,650,50,1120,3110,0,100,280
47-2082,0.62,0,,0,150,230,,310,940,,,0
47-2111,0.15,2360,1150,1970,4040,5740,340,20110,40310,570,780,2500
47-2121,0.73,110,0,140,0,470,0,1110,2760,,0,270
47-2131,0.83,70,0,0,0,0,,0,800,,0,0
47-2132,0.64,200,130,150,,240,,0,1110,,0,0
47-2141,0.75,590,420,790,1640,2610,120,5720,13370,150,250,950
47-2142,,,,,,,,0,360,,,
47-2151,0.62,60,0,50,0,0,,0,680,,,50
47-2152,0.35,1120,970,1330,3600,5990,190,12290,28340,220,530,1810
47-2161,,,60,,0,0,,510,660,,,0
47-2171,,,,,,,,450,750,,,
47-2181,0.9,410,400,470,470,610,170,1620,5070,130,250,520
47-2211,0.82,380,80,670,,1650,0,3160,8110,,0,840
47-2221,0.83,0,140,0,1210,1290,,2160,5710,0,,260
47-3011,0.83,0,0,0,0,350,,670,1280,,,
47-3012,0.92,50,90,50,220,0,0,430,1270,,0,0
47-3013,0.74,60,,0,610,560,0,3530,5200,50,,140
47-3014,0.94,0,,,,,,0,290,,,0
47-3015,0.57,0,50,70,360,480,,1790,3020,,,150
47-3016,,,,,,,,,0,,,0
47-4011,0.63,470,340,530,960,1030,240,2550,7240,170,290,640
47-4021,0.39,0,0,0,,180,,3270,3850,,,120
47-4031,,,80,,0,0,,0,,,,
47-4041,0.53,280,170,210,620,430,110,2780,4980,,70,300
47-4051,0.87,2110,1220,1640,2690,1400,1090,,14880,1170,1480,2000
47-4061,,,,,,,,,2330,,,
47-4071,0.83,80,170,0,0,230,,,1410,0,0,100
47-5012,,,,,,,,,0,,,0
47-5013,,,,,,,,,0,,,0
47-5021,0.85,0,,0,0,220,0,0,460,0,0,0
47-5031,,,,,,,,0,0,,,
47-5041,0.54,0,0,0,0,,,,0,,60,0
47-5042,,,,,,,,,0,0,,
47-5051,0.96,0,,,,,,,0,,0,
47-5071,,,,,,,,,0,,,0
47-5081,,,,,,,,,0,,,
49-1011,0.003,1750,1390,1660,2760,3550,700,10070,25590,530,910,2080
49-2011,0.74,410,260,650,550,1400,80,2770,6930,50,120,610
49-2021,0.93,0,,,,,,,270,,,
49-2022,0.36,870,550,400,990,1830,210,4890,11100,170,560,410
49-2091,,,,,,0,,0,0,,0,
49-2092,0.76,0,0,0,0,170,0,0,490,,0,60
49-2093,,,,,,,,510,960,,,
49-2094,0.41,240,200,230,140,250,0,0,2000,60,110,310
49-2095,,,,0,220,,70,1480,2110,50,,50
49-2096,,,,,0,0,,0,590,,,0
49-2097,0.65,80,70,100,0,350,,600,1500,30,60,0
49-2098,0.82,290,130,190,500,1070,80,2030,4690,70,0,210
49-3011,0.71,130,50,90,240,290,,1900,3080,0,100,150
49-3021,0.91,530,410,610,1550,1590,190,1290,7150,70,210,700
49-3022,0.55,0,,0,,,,0,930,,,170
49-3023,0.59,2710,2060,3020,5590,6980,1290,7180,34810,990,1510,3340
49-3031,0.73,860,980,910,1250,2120,420,4610,13300,450,450,910
49-3041,0.75,50,130,100,0,,,,570,70,50,
49-3042,0.4,340,310,250,320,440,90,340,2710,100,140,360
49-3043,,,,,,,,,1400,,130,
49-3051,0.66,120,0,230,,400,0,0,1260,140,0,0
49-3052,0.79,80,,0,120,0,,,650,,0,70
49-3053,0.93,150,150,0,170,320,,0,1480,0,120,190
49-3091,,,,,,,,0,370,,,0
49-3092,,,0,,,,0,,0,30,,0
49-3093,0.7,0,320,0,980,180,0,0,2200,0,120,170
49-9011,,,,0,0,0,,,0,,,0
49-9012,0.63,420,280,480,340,560,50,1640,4310,70,110,370
49-9021,0.65,1030,800,1310,1490,3690,410,5520,15920,200,520,840
49-9031,0.72,180,0,290,0,880,0,1330,3330,,0,0
49-9041,0.67,1080,980,1170,1260,1120,420,1210,9860,350,730,1510
49-9043,0.86,330,280,330,430,480,140,480,3410,160,160,600
49-9044,0.59,150,60,70,,,0,270,920,,,200
49-9045,,,,,,,,,0,,,
49-9051,0.097,300,310,170,870,780,130,,5000,320,380,250
49-9052,0.49,690,370,380,1010,860,80,4750,8900,0,210,340
49-9061,,,,,,0,,0,,,,
49-9062,0.27,150,70,150,,270,0,720,2150,20,60,210
49-9063,,,,,0,130,0,,580,0,,0
49-9064,,,,,,,,0,0,,,
49-9071,0.64,5170,3590,6030,11010,11640,2060,50480,102190,2070,2830,6930
49-9091,0.94,0,160,170,,260,,500,1700,60,0,210
49-9092,,,,,,,,,0,,,
49-9094,0.77,60,0,0,0,0,,630,1110,0,0,0
49-9095,,,,,,,,,0,,0,
49-9096,,,,,0,0,,0,0,,0,
49-9097,,,,,,,,,1060,,,
49-9098,0.79,470,270,200,520,1070,190,1560,4960,60,180,320
51-1011,0.016,1720,1690,3050,2930,4290,790,6140,26240,620,1530,3430
51-2011,,,,,,,,0,0,,,
51-2021,,,,0,0,0,0,,510,,,150
51-2022,0.95,240,1250,1910,710,1860,0,1020,10530,,1650,1600
51-2023,0.97,110,,130,110,320,0,,1390,40,60,390
51-2031,,,,,,,,,420,,0,0
51-2041,0.41,0,160,170,0,320,70,760,2000,50,120,210
51-2091,,,,,,,,,0,,,90
51-2092,0.97,4430,2240,4770,3440,5470,1720,4910,39090,1610,3490,6750
51-2093,,,,,,,,,0,,,
51-3011,0.89,800,410,340,1460,1280,210,4360,10180,130,260,930
51-3021,0.93,260,140,340,950,920,,1870,5090,110,140,260
51-3022,0.94,120,100,70,780,280,,1260,2920,0,60,150
51-3023,0.6,0,,0,230,,,0,910,,,0
51-3091,,,0,0,100,0,0,0,520,,0,0
51-3092,0.7,330,230,740,830,1280,490,2410,7840,290,320,910
51-3093,0.61,0,0,220,,470,0,790,2180,,,430
51-4011,0.86,90,390,880,250,820,,0,4620,50,510,910
51-4012,0.36,0,100,260,0,160,50,0,1160,,70,330
51-4021,,,350,0,160,100,0,0,1250,,0,0
51-4022,,,0,80,0,0,0,,290,,,
51-4023,0.83,0,,180,,0,,,430,,0,90
51-4031,0.78,220,110,450,410,690,200,860,4210,40,230,980
51-4032,0.94,0,0,120,,0,0,,440,,50,60
51-4033,0.95,0,170,420,100,280,200,0,2070,,160,510
51-4034,0.84,0,180,460,,0,0,0,1400,,80,390
51-4035,,,,120,,130,,0,540,,0,160
51-4041,0.65,900,1000,3010,1260,2140,430,850,13900,170,1180,2740
51-4051,,,,0,,,,,530,,,110
51-4052,,,60,,,,,0,340,,,0
51-4061,,,,50,0,,,0,0,,,0
51-4062,,,,,,,,,0,,,0
51-4071,,,,,,,,,0,,,
51-4072,0.95,150,410,780,400,300,330,0,3270,190,100,470
51-4081,0.91,200,290,600,150,460,90,0,2630,,0,560
51-4111,0.84,90,160,470,160,220,80,0,2540,,130,980
51-4121,0.94,630,740,1000,920,1260,290,1800,9190,220,620,1600
51-4122,0.61,0,50,100,0,0,0,0,790,60,70,230
51-4191,,,0,140,0,110,90,0,740,,120,80
51-4192,,,0,,,0,,,0,,,0
51-4193,0.92,0,,160,0,180,0,,1330,,500,220
51-4194,,,,0,,0,,0,370,,,80
51-5111,0.97,220,60,210,0,430,60,580,2120,,130,260
51-5112,0.83,660,370,1070,660,1460,280,2960,8960,230,320,940
51-5113,0.95,200,90,260,0,430,70,350,1680,,130,110
51-6011,0.71,690,680,560,1430,2430,410,8200,15650,170,240,760
51-6021,0.81,0,0,170,630,320,0,770,2320,,80,120
51-6031,0.89,150,50,430,320,1010,300,8570,11530,60,130,490
51-6041,,,,,,,160,360,660,,,
51-6051,0.99,0,,0,,0,,280,990,,,
51-6052,0.84,0,0,60,130,,,780,,0,,0
51-6061,,,,,,,,0,0,,,
51-6062,,,,,0,0,0,260,600,,,80
51-6063,,,,,,,90,290,790,,,
51-6064,,,60,,0,,,,310,,,
51-6091,,,,0,,,,,0,,,
51-6092,,,,0,,0,,1060,1120,,,
51-6093,,,0,0,0,170,,800,1520,,,0
51-7011,0.92,140,240,230,450,750,0,1330,3540,30,0,280
51-7021,0.87,0,,0,0,280,,0,870,,,120
51-7031,,,,,,,,,0,,,
51-7032,,,,,,,,,0,,,
51-7041,0.86,150,150,70,0,0,50,0,980,30,130,230
51-7042,0.97,170,140,0,280,610,260,0,2210,20,0,360
51-8012,,,,,0,,,0,270,,,
51-8013,0.85,150,150,0,240,0,0,730,1940,140,50,120
51-8021,0.89,420,150,250,270,300,90,1950,4030,,100,360
51-8031,0.61,470,350,290,730,640,300,660,4530,250,250,590
51-8091,0.85,360,,,,,,,740,,,130
51-8092,,,,0,0,0,,,260,,,
51-8093,,,,,120,,,,0,,,0
51-8099,,,,,,,,0,0,,,
51-9011,0.76,50,70,200,260,,,0,1930,0,,690
51-9012,0.88,80,170,200,0,210,70,380,1800,60,160,150
51-9021,0.97,180,0,70,0,110,0,250,980,60,80,110
51-9022,0.97,60,110,140,0,130,0,550,1400,,50,140
51-9023,0.83,750,180,380,690,2230,150,1150,6910,140,260,970
51-9031,0.64,0,,0,0,100,,570,850,,0,0
51-9032,0.86,210,70,480,170,320,0,400,2340,0,110,330
51-9041,0.93,520,0,190,0,460,50,270,2800,,230,670
51-9051,0.37,0,,50,0,,,,430,60,80,90
51-9061,0.98,1680,1470,2880,2050,4230,740,2970,21310,520,1510,3070
51-9071,0.95,0,50,170,800,310,0,4190,5820,,0,180
51-9081,0.97,50,0,220,420,390,60,470,2150,0,50,290
51-9082,0.45,0,,0,0,150,,0,740,,0,60
51-9083,0.97,110,200,730,590,380,0,850,3180,,60,180
51-9111,0.98,500,1100,1940,1610,3000,410,3140,15110,400,670,2280
51-9121,0.91,250,100,270,100,320,140,0,2000,60,190,410
51-9122,0.69,60,160,120,340,470,60,0,1580,30,80,0
51-9123,0.92,0,,90,0,170,0,0,690,,70,0
51-9141,,,,,,,,,420,,160,
51-9151,0.99,0,70,100,180,130,,1040,1760,,,100
51-9191,0.95,110,,,,0,,0,350,,0,60
51-9192,0.81,0,0,0,0,0,0,0,400,,0,130
51-9193,,,,70,,,,,0,,,0
51-9194,,,0,0,0,0,0,0,290,,,0
51-9195,0.9,70,60,170,0,180,0,0,1190,,190,
51-9196,0.67,790,630,460,0,620,,610,4770,0,90,430
51-9198,0.66,580,410,900,1000,1690,350,3310,10350,380,380,1250
53-1011,,,,0,0,,,0,300,,,
53-1021,0.42,540,520,460,880,1380,300,2610,7760,120,240,630
53-1031,0.029,590,530,620,1080,1400,240,5160,11010,160,210,780
53-2011,,,,,,,,5180,5830,,310,
53-2012,0.55,80,,80,,410,0,420,1280,,,0
53-2021,,,,,,740,,,1100,,,
53-2022,,,,,,0,,0,390,,,
53-2031,,,,,,0,,9030,9320,,,
53-3011,,,,,0,480,,1120,1920,90,,60
53-3021,0.67,270,0,440,1920,1570,0,15700,20880,120,390,270
53-3022,0.89,2780,2510,4570,9300,9710,1680,13250,50500,1170,1660,3860
53-3031,0.98,1340,1080,1880,1230,4170,530,9120,22070,430,630,1650
53-3032,0.79,4770,4890,4650,6370,9940,2300,13540,57290,1280,2820,5850
53-3033,0.69,2280,2290,2740,4780,7690,1040,16790,43840,780,1670,3380
53-3041,0.89,760,500,870,2620,2000,170,6310,15140,110,250,1160
53-4011,,,,,,,,,1650,,,
53-4013,,,,,,,,,0,,,
53-4021,,,,,,,,,640,,,
53-4031,,,,,,,,,6070,,,
53-4041,,,,,,,,,3630,,,
53-5011,,,,,,520,,860,1620,,,220
53-5021,,,,,110,360,,1130,1770,,,130
53-5031,,,,,,,,370,660,,,100
53-6011,,,,,,,,,340,,,
53-6021,0.87,590,300,380,1230,1740,0,9760,16280,60,170,920
53-6031,0.83,250,320,190,990,880,360,810,4890,0,100,0
53-6041,0.9,70,,0,0,0,,940,1350,,,0
53-6051,0.9,60,,,0,130,,3410,4160,,,50
53-6061,,,,,0,100,,1320,1630,,,0
53-7011,0.93,0,100,170,0,,,,740,,0,100
53-7021,0.9,100,0,60,290,,0,0,1390,0,0,0
53-7032,0.94,90,130,0,,160,70,450,1540,50,50,0
53-7033,,,,,,,,,0,,,
53-7041,,,,,0,,,,0,,,
53-7051,0.93,1680,980,1340,1750,2030,590,3030,14860,220,830,2100
53-7061,0.37,910,710,1230,2170,3220,300,5980,17140,270,490,1620
53-7062,0.85,7130,5770,6400,11180,17130,3160,42270,109540,1770,4030,9010
53-7063,0.93,140,160,340,130,150,680,0,2660,220,320,410
53-7064,0.38,1320,990,1660,2790,4330,1030,10820,27740,560,1200,2720
53-7071,,,,,,,,,0,,,
53-7072,,,,,,,,,0,,,
53-7073,,,,,,,,,0,,,
53-7081,0.93,320,160,290,1130,1190,170,5990,9970,170,140,370
53-7121,,,,,,,,,0,,,