states,Alabama,Alaska,Arizona,Arkansas,California,Colorado,Connecticut,Delaware,District of Columbia,Florida,Georgia,Guam,Hawaii,Idaho,Illinois,Indiana,Iowa,Kansas,Kentucky,Louisiana,Maine,Maryland,Massachusetts,Michigan,Minnesota,Mississippi,Missouri,Montana,Nebraska,Nevada,New Hampshire,New Jersey,New Mexico,New York,North Carolina,North Dakota,Ohio,Oklahoma,Oregon,Pennsylvania,Puerto Rico,Rhode Island,South Carolina,South Dakota,Tennessee,Texas,Utah,Vermont,Virgin Islands,Virginia,Washington,West Virginia,Wisconsin,Wyoming,Grand Total
11-0000,1912990,323500,2652990,1191320,15966580,2507680,1666280,440760,702380,8222030,4214410,61520,632120,663490,5903820,2991260,1534910,1374180,1869650,1922170,596390,2640900,3459910,4212090,2810400,1117280,2757850,454740,968000,1270930,645050,3955350,805440,9097650,4231020,425200,5337890,1586890,1790940,5747020,883360,475190,1979820,417520,2893040,11745250,1374900,304670,37320,3760550,3067110,697440,2805010,276120,141382280
11-1011,70090,17490,148850,59650,919820,109620,116730,17850,85800,276220,240090,5170,36410,37210,425610,142820,86320,65630,84230,81710,34140,151790,268850,195980,168370,54940,124860,14830,44910,59660,36610,205230,39030,471740,180470,20300,239640,88660,110970,226740,38470,21240,87700,11580,164680,456030,83120,12250,3160,170770,153820,27910,130390,11430,7137590
11-1021,1030,760,5750,2710,31150,880,1410,340,2840,14120,6750,540,1840,1400,17440,4950,2050,4410,3440,1010,920,1800,11020,6260,7490,940,5180,600,690,1410,940,700,70,15410,4310,920,5340,6370,2650,9230,3070,390,3400,560,5460,5890,3650,280,,6320,5910,980,3740,160,226880
11-1031,26930,6490,43300,20680,261780,41540,33280,4080,26610,77340,90520,1600,11070,12250,121040,49210,25900,19620,26190,29920,12360,47850,71880,58040,41480,24110,41440,4490,14420,17480,11030,44800,15550,162870,53770,7010,64710,27400,32350,70430,6010,6640,31780,3730,44400,168610,36200,2760,1790,52380,43760,10200,32350,4840,2198270
11-2011,1210,100,600,1030,3130,650,380,130,,1610,2170,,140,780,3600,1590,1400,940,,750,,550,960,1970,1520,890,1050,290,1070,190,380,2990,450,6530,,330,3420,670,160,1940,,160,910,,1090,1710,630,,,580,930,530,1390,70,53570
11-2021,50,40,470,110,3760,480,300,,220,750,820,50,200,160,3670,290,230,230,270,320,130,460,1290,650,610,150,390,30,80,280,150,630,190,5130,450,70,460,200,,570,100,100,270,,670,1210,380,40,,240,640,40,200,,28230
11-2022,530,200,4790,1090,33390,3060,4970,590,1280,7600,7140,80,540,860,14030,2870,1920,1470,1490,920,810,2980,11790,3870,7800,470,2590,130,1060,1640,1170,11260,350,16500,5650,310,5350,1420,4830,6250,690,550,1710,60,3400,9570,2320,380,,3840,5830,260,2980,30,206670
11-2031,2510,400,10650,2650,69180,4570,7040,860,1180,13560,15460,290,2470,2200,24150,5770,3350,3250,3420,3560,980,5230,14860,10090,12590,1460,5480,190,1930,3350,1750,12840,1200,20170,6750,710,11410,3890,6220,8930,1850,850,3540,300,8890,22310,3360,480,70,5360,7390,600,5730,180,367460
11-3011,400,150,1240,300,7010,960,980,210,4360,1710,1470,,360,200,3830,870,960,480,630,310,420,1350,4200,1300,1880,270,1020,140,580,470,470,1900,180,6040,1100,170,1790,720,1470,1640,270,260,520,,870,3680,380,210,,1250,2100,130,1010,,64220
11-3021,640,530,6870,1850,40720,2280,4110,820,1770,10710,9040,520,1480,1400,14450,3450,2240,2560,2580,2980,1580,5060,13040,6110,6930,3040,5350,320,1890,1450,860,8510,1690,18480,4630,660,9620,4630,3550,6860,2720,670,3110,340,7550,20440,2120,410,100,4120,4890,1590,6070,220,269610
11-3031,3260,340,6720,2100,51840,6340,7900,1260,3850,11460,12520,70,640,1130,15740,4630,3450,2910,2440,1930,1430,9270,15540,8730,10150,1170,6090,460,1910,1350,1930,13930,1110,26000,11970,530,13040,3170,4850,12150,1260,1160,3020,210,5540,20010,4190,340,40,13720,11790,720,6400,200,353910
11-3051,4990,870,10930,3020,70540,5930,14210,1840,7110,20390,16270,360,2150,1990,35170,7820,8770,3900,6450,4840,2710,11150,28640,13670,14710,2920,8750,640,2590,5430,3760,20180,2310,40250,15170,1200,20270,6370,7140,16190,3690,2400,5080,610,13690,27670,4860,740,140,13370,12680,1580,8810,560,547480
11-3061,3110,110,2530,1700,19120,1100,2800,290,40,4810,4940,40,220,570,7630,6390,3220,1800,4020,1420,620,1280,5220,10410,5590,1650,3370,100,1080,780,970,4930,470,4780,5230,460,10820,2320,2900,5850,1080,410,2920,400,5030,10150,1840,400,,2400,2500,700,6720,290,169530
11-3071,950,130,1780,510,8460,760,1360,130,1700,2470,1830,60,280,310,4210,1480,600,730,960,710,270,1640,2800,2640,2350,570,1040,40,490,450,350,2030,230,3900,2290,120,2480,760,,1900,300,200,780,50,2000,5030,450,150,,2480,2010,80,1290,40,70630
11-3111,610,550,2320,1290,16300,1170,1160,310,410,4150,4200,120,570,520,8360,2640,1330,1150,1940,1510,570,1830,2670,2390,2030,950,1820,140,1890,1230,310,4550,430,3340,2300,410,5320,1280,1880,3210,810,280,1100,130,4090,9390,1550,130,,2030,2190,460,2710,160,114190
11-3121,90,,300,150,1590,190,250,40,120,600,480,,30,90,1000,260,150,120,140,180,50,450,800,340,540,80,260,,180,60,60,380,40,1490,450,,560,230,150,540,50,70,150,,500,690,170,,,360,380,,340,,15150
11-3131,1320,190,2840,870,16190,1460,2200,430,1480,4970,4790,90,540,660,9020,2140,1550,1180,1500,1500,540,2170,5090,3770,4260,980,1840,190,770,970,620,3710,540,10100,3760,260,4200,1510,2380,4100,1120,340,1640,220,3160,6670,1000,210,60,3480,3360,320,2700,130,131090
11-9013,150,80,960,300,3430,340,770,70,280,1180,1170,,210,80,2210,750,400,230,420,390,100,910,1540,680,1160,190,390,,280,150,100,1270,100,3040,740,70,780,380,390,970,120,60,660,,1140,1570,400,50,,950,680,60,620,,32970
11-9021,,,110,130,1240,,,,,120,,,,140,230,,210,,110,70,,,,60,60,,110,,,30,,50,30,60,130,60,70,140,200,40,,,60,,70,340,,,,30,130,,50,,4080
11-9031,3010,960,5800,1590,32590,6580,3050,430,800,18090,5670,270,1890,1320,8770,4750,3250,2290,2660,3290,1120,6360,6370,3900,4170,1120,3530,570,2340,3660,970,5070,1380,12640,9060,970,9630,2930,4690,8000,460,480,3200,200,4930,26440,2600,520,,5270,6950,550,2890,390,250420
11-9032,120,70,760,520,7120,700,810,,300,640,1740,,190,200,2710,770,750,510,310,340,170,1040,1980,1140,790,350,580,160,80,140,460,1650,310,4860,1470,150,2260,710,690,2580,190,160,600,70,750,2350,290,330,,1030,1150,170,1050,110,48380
11-9033,3460,620,4640,2390,20120,4650,3890,870,1300,4670,7750,110,890,950,12100,4520,2690,2270,4170,3960,1410,5430,7210,6570,3140,2470,6060,750,1610,1750,1500,8630,1650,19260,8120,550,9740,3060,3170,7990,1780,850,3890,610,5660,24970,1820,890,140,6620,4790,1720,4750,450,245030
11-9039,2460,180,,1290,14230,2280,2170,260,1850,1270,3190,,300,990,8280,3360,2400,1340,1610,1660,690,2530,,5000,2740,1620,2430,310,1190,680,830,2170,770,11380,4590,480,4790,1400,1310,4480,1400,710,2500,230,4460,5120,1080,390,,3050,2120,,3170,120,122860
11-9041,560,110,990,230,4450,470,300,50,770,1210,1250,220,190,100,1960,270,310,240,530,510,240,2910,620,590,1640,110,350,80,220,100,100,730,300,1420,1150,140,1010,270,450,970,200,70,260,70,,1210,130,110,,1110,720,230,200,60,32490
11-9051,2410,370,3320,630,28640,3250,3350,520,1580,6380,4420,60,,1110,9430,3880,1770,1490,2010,1510,570,4800,7350,10090,4200,840,2250,250,600,960,1160,4180,1830,7430,3660,390,6570,1990,3800,5850,880,380,2500,110,3350,11240,2120,270,,4030,4460,300,3760,180,178480
11-9061,2250,320,4580,1320,35100,2150,1880,410,1430,9160,8310,190,1730,1250,,3750,3390,1610,3750,1690,970,2460,5550,5170,3330,1430,3870,350,950,2410,1140,2760,790,6010,5690,580,7610,3450,3870,5590,1860,390,2900,820,9710,10520,1500,340,140,4150,2190,1360,5570,450,190150
11-9071,280,,110,140,530,100,,30,,250,290,,,,330,350,100,60,70,130,50,250,300,350,130,180,,,40,40,,170,50,520,250,30,440,200,40,580,60,,190,,170,550,50,,,180,40,180,90,,7900
11-9081,,,70,,510,70,30,,,170,,,,,120,80,200,,,220,,,,320,100,230,100,,,530,,,70,70,,50,40,480,50,130,,,,,,,,,,,170,,50,,3860
11-9111,520,160,1110,280,4580,630,140,90,130,3380,670,50,490,210,1280,450,410,240,350,400,540,420,650,1100,400,490,620,280,50,600,280,570,220,580,890,160,930,730,410,1320,120,80,430,210,1140,3110,410,230,50,1070,870,180,620,280,35610
11-9121,2960,880,7240,3630,33160,4420,5260,860,1780,12130,7470,60,1410,1830,13130,7940,5560,3440,4480,3320,1740,9900,13380,10980,7530,2580,5860,1210,2920,1780,1510,9960,1930,26010,7990,880,15540,6130,4440,13640,850,1380,5240,750,9460,21840,2640,780,70,7450,5890,1260,7980,660,333120
11-9131,140,410,960,320,8210,1330,980,410,1030,950,1030,,240,370,1780,1820,350,160,290,310,240,2820,3360,,1360,160,870,330,200,180,140,4590,350,1900,2310,140,1130,260,1200,2860,,90,470,80,510,2000,910,70,,1240,1840,120,540,140,53500
11-9141,280,170,160,210,800,230,170,40,,360,370,,60,150,550,310,340,220,280,260,210,240,340,450,350,190,320,180,180,70,170,430,160,880,520,120,510,270,240,820,90,40,210,130,280,840,120,130,,410,310,230,360,90,14850
11-9151,440,330,4650,1610,28730,2030,2340,430,1690,20850,4730,70,2550,1670,8530,3710,1220,2050,1950,2900,440,3800,4750,5120,3330,1370,3550,790,690,3350,610,4540,700,7500,2900,540,5160,2270,2220,4100,150,650,1940,870,4820,11420,2300,400,50,2590,2460,660,1740,280,180540
11-9161,1190,380,1770,1330,16580,1330,3190,740,1140,3150,2310,40,670,970,3680,2340,2350,1100,2040,1810,1070,2830,6630,4620,3010,780,2050,540,840,760,620,3290,860,11960,2340,590,4170,1110,3260,7000,260,500,880,280,2140,3650,1280,600,60,2440,3350,480,3860,370,126590
11-9199,180,70,140,130,900,130,130,,200,150,380,,70,100,380,330,160,210,140,90,60,100,110,140,230,170,170,70,130,40,50,390,90,600,200,80,310,240,70,430,130,40,220,90,140,480,130,,,440,150,70,170,40,9670
13-0000,2010,1460,7170,3540,44750,7550,5820,870,18510,15880,10900,130,2110,1220,,9060,3360,3380,3580,6980,1090,11900,6260,8140,10760,990,5850,1120,1820,5910,2180,21280,2650,14630,10630,1150,10170,1700,7710,9620,6780,820,1620,300,7570,15350,2190,560,60,16770,9200,950,10500,840,357350
13-1011,72290,14020,138200,47790,938330,169260,92470,28420,102510,441200,228270,2450,26340,25390,323350,118250,66910,66250,68370,68740,23860,163090,198540,194440,164180,30630,134590,19090,48520,43830,28450,226570,35350,523440,208340,17490,261220,66690,83790,275630,41270,25460,74980,18630,110140,564390,70470,15080,1390,261530,191630,22340,133960,8480,7326300
13-1021,,,140,,4990,90,170,,180,970,190,,,,170,120,,30,30,,,200,210,250,180,,,,,120,,200,,3050,280,,90,,70,140,,,,,530,330,,,,130,,,70,,12930
13-1022,250,,,90,1350,90,40,,,290,490,,90,110,470,240,340,290,120,230,,170,310,440,370,60,350,60,,70,,90,60,300,240,120,310,200,200,260,60,,140,300,130,770,110,100,,,190,,310,,10210
13-1023,310,340,1850,3080,18330,1500,1150,240,160,3830,2630,90,630,560,4010,1610,680,1690,830,910,840,1390,3550,2060,3650,530,3130,320,860,700,480,2120,210,8130,2780,260,4340,1300,2410,3040,1220,310,600,200,3260,9290,1310,400,,,3460,250,2460,140,109430
13-1031,6240,670,5030,1380,33720,6050,4240,760,2630,15820,8060,130,1040,1140,10150,6210,2480,3410,3390,2660,910,6850,6060,11710,6250,1570,4760,710,1640,1880,1490,8540,1770,14740,8160,630,12950,3730,3170,13500,2000,820,3210,690,3940,27360,2540,540,40,12520,11780,700,7100,320,299790
13-1032,3730,290,,1450,32540,3340,4980,430,560,20020,8610,100,730,940,11180,3630,3020,3030,3870,3040,1690,6030,7250,5650,4790,1240,6950,,2420,1500,1600,9490,910,20520,7860,650,9840,3310,3010,14240,2290,1400,2480,710,5720,19650,1910,240,,5110,5730,1340,6230,150,267400
13-1041,,,460,,,90,210,,,1380,470,,50,,390,180,70,300,40,120,90,450,440,190,70,30,260,30,,,60,,,810,210,,590,190,70,570,130,,,30,150,1840,70,,,540,270,,70,,10920
13-1051,1400,720,,2290,34290,5080,3750,990,4520,16260,7980,220,1240,1300,8200,3770,2010,2800,2410,4460,1030,6750,7070,5640,4870,2250,4760,930,2900,2000,1250,9600,1480,21130,6390,1110,7110,3880,2790,11360,3610,570,3090,940,5010,23760,2550,2200,220,7520,7950,1110,3840,400,270760
13-1071,2180,320,5250,1140,26570,4690,2280,980,530,13240,5260,50,1200,1150,6750,4510,2100,2060,2090,2300,840,4830,5830,6480,4120,950,4940,1050,1340,1810,810,5100,980,9840,6810,630,11180,1700,2900,9360,350,580,2730,730,3290,17070,2470,350,,9150,5900,780,5180,260,214990
13-1074,5310,1050,9880,2890,56950,10840,5780,2250,7070,32220,17580,200,1610,1620,21030,11370,4550,4960,6430,3590,1610,11130,14680,14160,12450,2540,9620,1370,4170,3220,2360,14550,2540,31580,15460,1310,19750,5270,6370,22520,2610,1790,6150,1020,10300,47780,4780,1080,70,19670,14640,1760,11450,720,527660
13-1075,,,,,350,,,,,,,,,,,,,,,,,,,,,,,,,,,,,,,,,,,,,,,,,,,,,,,,,,350
13-1081,940,160,440,470,8060,470,1350,330,,3020,560,,510,190,4860,2240,810,280,1570,120,160,1460,2800,4240,2290,210,1730,130,390,670,210,3810,270,8120,720,80,6520,280,1540,4890,270,400,320,,880,2710,210,140,,1090,2040,610,3660,100,79330
13-1111,3460,280,2330,1390,16530,3030,,,1330,6150,5240,30,430,410,6450,2000,1270,1370,1670,870,280,4640,2390,7500,2690,660,2590,140,590,340,470,5980,670,2960,4090,320,5910,2220,1570,6150,660,410,2990,110,2390,13280,2370,150,,7020,5920,280,2940,90,145010
13-1121,4590,670,10430,3520,102850,8830,8120,2220,19820,42770,22730,190,2190,2090,34280,10940,4200,4410,3490,3600,1110,18450,22540,,12480,1480,6510,690,2370,2940,1900,12720,2480,40000,15220,560,17430,4430,5710,22750,1280,2720,6720,2380,6350,35330,5610,620,30,46670,17110,1860,10170,370,620930
13-1131,400,110,1850,410,12830,2880,700,230,2630,6470,2420,40,520,430,4220,1150,840,610,700,500,240,2850,2310,2070,1520,270,1790,410,450,1090,400,2760,420,9160,2320,200,2160,1010,1320,3040,510,350,1290,250,1400,7000,820,280,,3900,,230,1520,180,93460
13-1141,680,90,910,240,6780,1690,1340,280,2230,2750,1480,,240,280,1890,1360,770,420,500,410,450,1510,3460,2050,1720,130,1450,330,490,260,540,1220,320,6850,2050,130,3300,360,840,3300,,480,560,40,840,4730,500,440,,2590,1920,270,1300,110,68880
13-1151,590,160,1880,660,10650,1140,1070,170,520,3870,2760,,250,240,2650,970,480,450,720,1240,340,1970,2250,1620,1870,310,1420,170,570,370,250,2300,190,8910,2450,140,3050,770,880,3240,270,250,820,590,1740,5730,510,190,,2340,1720,260,1450,60,79470
13-1161,2670,,7710,2740,26660,5370,3270,990,1460,14800,9690,30,940,1030,9730,5460,2720,3330,3030,2100,950,7060,6800,5370,6320,1330,5270,650,2360,2500,1050,6350,1810,18950,8860,650,9090,2760,3160,10310,790,810,3940,510,5450,23370,4560,670,,10800,5780,920,6270,390,269590
13-1199,3110,450,10180,3170,91340,14740,7220,1950,5420,26860,19000,60,970,1450,22050,8440,4470,5000,3890,2350,750,9980,20300,14790,13740,1510,9980,870,2950,,1940,16100,1230,56860,15740,760,21350,3340,5540,24490,1320,1520,,630,7180,29320,6250,1520,,18500,16230,830,11210,350,549200
13-2011,6870,2830,12320,9220,138000,40420,7870,1190,31000,77000,34010,280,4770,2660,54880,13600,10270,8330,8280,17430,3430,21060,11550,26280,24500,3220,14710,3200,4540,6220,3570,44410,7240,23420,34370,2550,33180,4750,15260,15900,6580,2160,3970,730,12880,67810,7710,930,130,30530,32530,2740,11140,1220,965650
13-2021,15360,2350,20200,5980,147320,34150,15480,5890,11080,75640,36360,520,4840,3970,51350,20010,9630,12010,10610,11010,4390,26510,35730,30510,27130,5480,24130,3140,8700,7610,4780,36640,6580,108800,31080,3870,42890,14150,12050,52590,8990,4550,14470,4540,16430,118320,10600,3050,400,40220,27370,3840,21300,1840,1256440
13-2031,710,150,1150,600,4220,1690,660,180,,4170,2820,,290,400,2090,1710,640,720,400,630,380,1470,1420,2530,2160,380,1780,330,520,690,210,1520,690,3370,1480,110,1720,760,800,1570,270,320,870,280,900,5750,910,130,,1480,880,760,860,240,60770
13-2041,860,290,1150,430,7080,1140,1000,140,1960,2910,1400,50,260,170,1400,500,280,,1180,430,150,2230,2060,870,430,410,720,220,310,300,90,2380,620,3430,960,120,,790,700,1450,530,170,310,130,460,4930,310,80,80,3610,1310,210,,110,53110
13-2051,490,,1130,520,7910,1300,1240,1150,220,2780,1830,40,80,240,2930,800,1190,570,500,300,190,,1940,1230,3460,380,1330,130,520,,150,,160,7630,2910,190,2810,560,610,2400,790,,810,380,1180,7940,830,100,,1840,900,100,1850,40,68580
13-2052,1420,350,6380,910,34100,3570,6040,3570,3010,10990,6900,,390,420,13840,2530,1850,1180,1300,820,420,5970,13700,5800,6480,530,3730,160,2050,770,,7960,580,49050,7720,280,8850,1510,2380,10830,1250,1070,1650,500,3690,23710,2170,170,50,,5740,370,4460,90,273260
13-2053,2060,130,3890,910,24580,3950,4300,570,500,11270,5390,,460,680,12890,3900,1710,1870,1540,1250,410,5110,6520,4580,3810,770,4280,370,1080,710,700,6800,510,27790,5500,500,5670,1170,1870,8350,220,,1680,350,2330,12660,1920,350,,4560,3890,460,4370,200,201340
13-2061,960,120,1470,200,7440,1390,3160,200,,4300,6050,90,280,190,5390,1060,1760,,330,1240,410,1930,3230,1760,1750,280,2090,130,1590,300,370,3580,140,7860,2390,350,4860,530,730,4900,660,420,910,270,880,5660,460,190,,2280,1970,170,2290,90,91060
13-2071,1030,80,,180,4300,1030,560,,550,2930,770,,90,130,2030,410,930,330,480,230,160,440,1530,690,1400,150,1790,90,240,180,160,2130,100,5140,2190,150,3330,460,490,1640,450,360,300,180,620,3600,400,50,,1710,410,100,1400,,48100
13-2072,80,,,50,4310,120,,180,90,3050,380,,40,100,1460,230,410,80,,,240,670,1390,890,670,280,600,80,,80,260,,250,1910,440,60,910,560,460,1980,260,180,280,60,,2360,390,40,,590,410,190,330,,27400
13-2081,3740,700,9840,2360,38100,5320,2200,940,650,21060,7650,70,1160,2520,13380,4640,5180,3900,4140,3670,1260,4540,5330,,7540,2250,7350,1400,2980,2200,1070,6570,1210,11250,12690,1220,11980,4230,3640,11800,1600,1230,4200,1580,6380,22400,4550,570,,9170,6710,820,6800,730,298470
13-2082,1110,70,560,520,8870,680,1020,100,,4220,2160,,100,290,1490,580,190,,1910,610,290,480,1650,600,1080,390,2170,130,220,240,320,1450,260,5270,1530,80,1640,420,540,3320,670,320,280,140,1200,4000,1860,100,,1410,1090,460,510,,58600
13-2099,590,240,1500,630,10590,1140,690,100,200,3500,3320,40,230,260,,2020,690,610,1060,1050,360,660,1440,2440,1080,540,1240,230,210,470,250,1320,340,2380,1810,110,2040,1360,1400,1750,780,250,980,260,1310,6850,790,,,2200,,310,750,50,64420
15-0000,740,370,1460,310,14390,3410,1060,560,3180,6550,4090,,660,380,6850,2060,1360,500,1420,1140,360,4900,2800,4890,3330,500,,280,260,1150,530,6590,990,4230,3630,340,5360,660,1280,4000,800,690,870,70,1590,9090,980,120,,4380,3430,580,1710,90,120970
15-1111,38600,5050,93410,23700,580040,104170,49220,16200,41390,193670,138140,510,9300,14050,177360,56060,32810,36910,30240,20860,11620,123660,142740,104780,97680,11300,82100,7250,28000,18050,18510,140840,15350,245150,125030,7340,140110,30210,50900,154710,10390,14270,37660,7830,51340,350160,44830,7060,350,198560,148670,10650,74950,2650,4176390
15-1121,310,,200,,4950,310,80,,640,500,730,,120,,900,,,90,,60,,2490,1180,380,360,230,240,40,40,,170,1530,890,920,170,,170,460,250,410,,430,320,,140,1810,680,,,2550,,,,,24750
15-1122,4020,580,15150,2790,75750,8770,7120,3500,4460,18050,17000,60,1190,1230,29390,8310,5660,5010,4140,1900,1720,15760,14130,15250,15660,1750,11330,620,3430,1800,2300,14130,1490,38220,22940,680,27200,2930,4830,21630,1150,1820,5940,700,7250,58680,3800,480,50,26480,18130,860,12800,170,570190
15-1131,970,80,2640,,7990,2250,970,470,850,4810,2310,,210,460,4340,990,440,650,490,570,310,4440,3340,1970,3560,310,2880,150,640,410,360,2180,670,5170,3590,210,2800,590,640,2960,320,340,1380,210,1240,7790,450,80,,11550,1890,170,1390,,95480
15-1132,6590,570,4700,3540,37570,2930,5850,900,1370,11690,8820,,510,660,13350,4340,1330,1910,1260,2430,810,5300,6880,3730,7180,700,7240,670,2850,1880,1490,13080,610,17790,6760,570,5460,1610,3330,13030,1420,1150,3320,740,4110,20430,4210,420,,8780,10280,630,5660,210,272650
15-1133,5500,360,13970,2120,129180,25450,9240,3470,2330,33070,25630,,790,2240,26180,8460,6900,5330,5080,1420,1630,12890,31150,20090,14760,860,13510,660,4920,2440,4950,42050,1230,49350,24090,1220,33330,4320,12530,26230,470,2180,3580,1140,6060,60550,9700,1040,,34790,49010,880,15850,250,794430
15-1134,4000,120,11430,1020,90290,13650,4790,,3040,15520,13660,,730,1240,12570,3540,2430,2850,1960,1180,310,15640,27630,12040,8990,850,4430,450,2180,890,1410,11390,1780,19020,8260,580,5650,2260,3470,10010,570,1110,2530,490,3980,30850,3890,880,30,24950,13960,580,3650,,408730
15-1141,550,130,2990,610,22650,2780,1210,380,1270,7740,2820,,290,860,5230,1730,990,990,970,480,300,4020,4030,2630,3260,380,1710,450,770,780,600,2570,300,11410,3780,210,3130,780,3010,4900,180,400,910,300,1650,8540,1850,560,,3780,4810,260,2700,130,129760
15-1142,1600,210,2770,700,12370,2430,1400,610,950,7310,4940,,260,410,4450,1750,690,980,1130,510,300,3660,2940,2680,2420,360,2360,190,910,710,430,3310,400,6650,2780,170,4190,830,1000,5680,480,430,1070,100,1220,12010,940,230,,5830,2070,430,1770,190,114210
15-1143,4410,1010,7060,3140,42450,10880,3530,1230,2710,17420,11310,80,1390,1440,14170,7590,3590,5040,3280,2780,1510,14340,10260,8450,9180,1140,8180,650,2920,1330,1940,11620,1970,24600,11740,690,13760,2680,3220,14010,820,1750,5160,1650,5430,32090,3560,1360,60,19470,9080,1110,7010,530,377780
15-1151,850,60,3170,1420,16250,4130,1660,660,1230,16770,5300,,240,360,5480,2990,1080,1550,1570,240,570,4990,4350,2520,5040,670,2940,250,1180,520,370,6550,460,8180,4570,190,5130,810,1100,5850,580,350,1430,280,2040,11620,1020,140,,10270,6180,290,2180,30,157660
15-1152,5980,830,13890,3900,67780,13890,7520,1460,4390,33690,23120,120,1180,3020,25010,9370,4160,7960,5220,3450,1970,10340,19220,19620,13240,2320,14200,2010,3930,3440,2500,13360,2820,40280,21970,1420,18140,7460,7440,25760,3070,1330,6700,1230,9510,57340,8250,1190,80,20490,15310,2060,11550,630,606120
15-1199,1050,340,5530,1360,19320,3520,1130,620,780,9590,7520,60,470,600,9810,1830,2220,870,1360,1550,900,8120,2620,5710,3200,730,5340,370,1560,910,410,6330,1190,10940,6330,480,9630,2110,1870,6850,620,1180,2440,730,3050,17730,1720,340,30,7390,3990,770,4110,230,189460
15-2011,1800,490,4520,630,32440,11370,1930,,14720,9580,11390,80,1490,1000,15080,2590,1840,1820,2510,3080,710,14070,6610,6960,6890,640,5380,570,1380,2350,630,9330,1010,3370,4140,720,5990,2420,6340,10770,360,1050,1430,180,3180,16890,3610,180,,11980,8080,2250,3520,140,261490
15-2021,60,,200,60,1410,260,850,70,180,580,260,,,40,1590,230,710,490,,,130,420,1100,420,400,50,460,,290,,100,810,30,2410,380,,990,40,110,1530,,190,90,,80,1180,140,,,200,350,,660,,19550
15-2031,,,,,720,30,,,70,110,,,,,140,,,,,,,160,70,,,,,,,,,70,60,40,,,40,,,40,,60,,,,130,,,,470,,,,,2210
15-2041,720,130,4370,550,14590,1030,1420,860,910,6340,2510,,320,390,8360,1390,570,1160,930,1120,330,3880,4590,1580,2530,220,990,110,740,350,,1640,350,5710,2300,130,3790,620,1100,2500,90,460,920,,1770,10620,780,60,,7930,3060,230,1440,,108490
15-2091,170,50,810,170,4120,450,500,120,1430,830,730,,,50,1270,660,200,230,90,50,100,3000,2640,660,890,60,890,40,200,90,130,700,80,1040,1170,70,670,280,560,2510,220,30,390,,600,1590,210,40,,1120,1040,130,470,,33550
15-2099,,,,,,,,,,70,,,,,,,,,,,,,,,,,,,,,,,,40,,,,,,,,,,,,110,,,,,,,,,220
17-0000,,,,,200,50,,,,,,,,,,50,,,,,,120,,,40,,,,,,,190,,,,,50,,90,,,,,,,200,,,,510,40,,,,1540
17-1011,42800,7710,47570,11480,326770,61700,33150,5330,11520,101260,62780,1050,9460,12640,90510,47280,18810,23380,24100,31590,9620,58330,76170,135060,54400,14970,37140,6780,12390,12570,12940,50430,21250,112600,61830,6750,94370,27710,40820,100460,13340,7510,37800,4840,45120,237260,27070,5970,210,74350,77830,8690,51350,4860,2513680
17-1012,1110,210,1510,560,13560,3210,1060,170,1930,4800,2380,40,620,280,4790,1120,480,840,750,1090,200,2350,3050,2130,1830,270,1960,430,660,360,180,1790,520,12550,2010,260,2820,700,1620,3780,170,280,1050,100,990,8520,760,250,,2960,3520,160,1220,120,100080
17-1021,40,30,360,100,2700,310,230,,50,1470,880,,140,40,400,240,220,170,110,140,,400,770,490,280,,310,30,70,,,520,,1470,440,50,760,140,480,650,,100,340,110,180,1460,200,130,,690,750,40,560,,19050
17-1022,170,150,240,60,1570,870,80,,,520,140,,50,180,270,90,,140,110,,60,470,90,360,250,40,170,100,70,130,120,180,80,170,520,40,90,110,480,210,,,350,90,140,1590,140,40,,440,400,40,240,90,11940
17-2011,570,310,670,590,4220,1390,500,80,,3320,940,,200,290,1070,920,350,520,530,920,230,890,1100,1210,760,520,700,330,330,410,240,1260,340,1670,960,370,1040,700,620,1580,120,80,860,140,800,4250,660,100,,1470,850,460,720,260,43420
17-2021,4470,,1910,,10800,2410,1780,,310,2490,2620,,,,370,210,,2370,130,,,3180,1080,1330,340,110,,40,110,360,70,1750,730,380,710,,4890,1170,110,1200,540,,,,310,7450,800,,,2350,,160,,,59040
17-2031,,,,40,370,30,,,,140,100,,,,40,70,150,30,50,,,,,,,,,,50,,,,,,,,90,,,90,,,,,,100,60,,,,,,,,1410
17-2041,,,750,50,4760,510,170,,50,650,340,,,,350,780,80,,70,50,40,660,2880,220,1160,,160,,30,,90,390,100,780,360,,680,70,320,1010,,,70,,300,1090,580,,,230,300,50,180,,20360
17-2051,510,,120,110,2390,630,280,500,80,420,570,,,70,720,400,200,130,480,2380,60,710,1010,670,450,150,590,,140,50,130,1300,90,1130,790,30,1430,350,210,1530,40,,690,,690,6970,120,,,1130,450,280,530,90,31800
17-2061,3970,1210,4870,1340,38440,8650,3280,810,990,16930,9400,340,2150,1940,10710,2890,1970,2130,2730,3170,1060,7610,7370,7590,4230,1630,4420,1590,1410,1900,1350,7450,1330,15450,7170,1200,7700,2200,3950,12490,1640,780,5400,1110,4990,26580,3250,740,,9410,11270,1390,5390,810,289780
17-2071,1460,70,670,190,25790,3700,340,,420,2100,1370,,180,330,1430,310,280,430,,210,,3690,2960,1470,1600,290,220,,400,180,270,690,,1640,1560,,1070,150,,1190,290,190,310,,730,3590,1330,30,,1380,1810,190,890,,67400
17-2072,4330,360,4120,880,25320,3630,2340,410,460,6250,4230,160,900,1230,5500,3420,1320,2070,1300,1380,430,4730,8350,9780,3990,950,3530,500,940,690,1710,4190,2020,11280,5100,560,6200,1230,2510,6980,820,430,2060,280,2440,14850,1560,490,,6340,5540,490,3850,330,184760
17-2081,2250,150,5490,300,27690,5940,,120,,5220,5830,,470,,3120,2640,300,980,550,730,210,4750,3780,3030,1500,520,1920,90,200,820,500,3770,1160,3450,2990,90,3710,1840,1800,3450,640,1160,1310,120,1000,12900,1520,70,,4770,3560,240,950,100,129700
17-2111,760,460,690,190,7360,1810,680,170,310,2530,1790,,190,530,1590,520,330,430,400,490,200,1340,2630,1490,900,400,950,340,370,310,150,1490,410,3300,1180,160,1210,710,620,3250,330,200,790,90,1130,2910,400,100,,1200,1560,320,720,240,52630
17-2112,410,230,400,200,2790,430,140,120,160,910,1260,,160,120,660,470,140,180,190,650,80,720,640,690,490,150,420,100,80,290,70,370,300,1830,490,70,530,550,160,930,40,,620,80,850,2990,230,70,,610,520,130,710,,25430
17-2121,4930,60,4200,1500,24390,3260,4570,480,240,9750,6310,,60,910,13270,8870,2530,2210,4590,1750,690,2660,8340,26660,8660,1630,4600,200,1310,410,1310,3660,920,10290,8270,410,14720,1680,3690,9310,2980,590,6860,530,6440,16060,1850,550,,3650,7680,520,8330,200,259540
17-2131,,,,,590,,240,,810,270,,,120,,,,,,,280,350,480,250,,,390,,,,,,100,,,,,,,30,,,,,,,970,,,,1710,630,,,,7220
17-2141,540,70,1090,50,3290,710,690,,160,560,460,,,190,740,870,100,160,90,60,80,700,780,1300,370,90,410,60,90,90,70,350,310,1220,550,,1590,190,,1420,,40,500,,710,2100,400,,,490,,70,560,,24370
17-2151,3460,530,4370,1130,24830,5440,5970,690,780,6980,4810,60,680,820,14500,8120,2370,2520,3240,1990,920,4990,9180,42080,7040,1170,3420,370,950,660,1680,4890,1200,11330,7100,610,14920,2580,3860,13440,950,1210,5220,520,3980,19690,3510,490,,6950,7750,380,10290,230,286850
17-2161,180,160,340,,630,610,,,,100,90,,,60,250,50,,,190,,,,,50,370,,40,,,400,,,180,140,80,70,110,330,,410,,,,,50,720,290,,,,100,260,,190,6450
17-2171,200,,,,530,,340,,,130,230,,,270,620,,,,,140,,,,,,,,,200,,,240,820,540,900,,,,,1880,,,1310,,750,540,,,,2730,1420,,,,13790
17-2199,130,790,40,90,2310,1680,,,,,60,,,,190,,,140,,1880,,,,130,,,40,250,,,,,230,,,110,370,2830,,970,,,,,,17780,220,,,300,160,270,,540,31510
17-3011,3440,620,1860,500,16290,2130,1240,,2690,5120,2760,,670,570,4830,1910,1460,630,920,4020,610,4830,2390,7410,2690,380,1260,200,980,580,680,3990,2280,2770,2170,360,6980,950,2530,4370,260,440,590,,2490,9070,740,60,,4330,3530,370,1490,110,123550
17-3012,1100,200,1810,490,14570,2400,850,320,320,6160,2800,90,560,660,2630,1280,840,570,610,1150,480,1110,2360,1860,2260,540,2190,600,570,730,530,2520,580,6210,2110,320,2770,1110,1160,4910,270,260,890,230,1090,11700,1710,190,,2060,1990,470,1730,220,97140
17-3013,310,40,580,140,5090,620,440,60,120,860,380,,180,120,810,310,220,250,450,230,190,400,900,540,440,120,520,120,160,190,300,580,230,1480,640,50,760,300,450,1140,60,,360,30,410,2970,250,40,,490,970,50,460,,26810
17-3019,590,,750,240,3900,880,1900,130,,2460,1170,,70,170,3640,1450,880,1100,800,1000,750,1220,1530,4310,2260,400,1050,80,470,210,350,1370,190,3750,1510,140,2440,1110,830,3370,230,60,810,170,1240,4900,650,90,,2020,2250,150,2730,80,63850
17-3021,180,,510,90,1160,270,140,,,890,160,,90,60,260,200,250,90,370,1180,,200,170,340,510,30,240,180,180,180,110,310,60,1050,180,,1200,,880,,150,,40,,280,1960,,40,,320,460,60,150,,15180
17-3022,190,,570,60,2490,310,150,,,730,240,,,,,,,420,,,,450,,60,100,,,,,,,320,210,,90,,420,70,50,50,,,,,,1200,130,,,160,,,,,8470
17-3023,1600,520,1110,190,8360,1300,480,490,180,2930,1760,,140,280,1930,800,850,1270,1330,570,400,1110,730,2420,2250,960,1240,350,370,890,170,920,600,1840,3250,500,1970,710,840,2280,390,290,700,420,1560,11750,580,370,,2030,1730,810,1680,350,72550
17-3024,2020,490,2820,570,24250,1640,1530,180,340,5400,3840,70,550,660,3810,2230,1000,960,910,1460,360,3940,5170,3180,2360,1150,1720,150,470,1570,1090,2570,1300,5880,2630,340,2450,1550,,5260,1080,720,1700,170,2430,15370,1570,320,,5720,2180,380,2070,100,131680
17-3025,110,40,340,,2430,180,70,,,250,260,,,,400,260,90,,150,,,170,750,550,260,,,,70,100,160,260,210,530,140,,420,390,610,560,40,,120,,360,1400,140,,,620,180,,150,,12770
17-3026,210,150,160,180,2590,340,150,50,,680,640,,,40,420,270,110,90,140,370,70,420,650,250,290,180,300,50,230,110,,510,120,1220,290,90,320,370,200,940,180,40,390,,670,780,230,90,,410,350,120,160,60,16680
17-3027,1130,70,1910,350,4040,750,1040,60,,2070,1010,,,220,1900,2820,530,570,960,320,360,650,2090,4790,2950,410,1100,40,310,100,420,470,,3170,2890,230,3200,710,630,2570,1480,100,1440,130,4380,3290,680,1260,,890,,110,1690,,62290
17-3029,710,100,560,210,4030,460,950,80,,750,750,,50,60,2630,1230,380,380,440,160,170,540,1670,4560,1380,730,710,30,140,150,350,440,120,1560,980,110,2280,740,440,2080,170,60,740,140,1250,4980,1050,40,,1170,820,,2000,,45530
17-3031,830,290,1500,440,9690,1550,580,,310,2100,1430,80,580,160,4650,1590,830,,700,1770,800,1700,1960,2300,1530,480,720,150,300,370,390,920,2120,2030,840,270,3260,1060,1110,5120,180,160,540,80,1170,7050,1080,30,,3250,2170,240,1080,310,73850
19-0000,700,200,1050,310,3530,,280,120,,5250,1720,,80,260,1270,830,280,500,660,1200,330,750,580,1120,790,560,840,240,680,250,270,640,720,1480,2910,190,1370,980,740,1730,150,100,1040,110,1250,7730,350,120,,1890,1220,390,530,180,50470
19-1011,8600,6110,19470,6080,177540,30100,12600,5210,25470,37600,21500,420,6610,9820,34820,19570,11590,8940,10100,11780,3940,41850,49070,31240,24230,6220,17900,7070,7390,8400,4160,36500,10770,67870,33800,3430,35490,10300,20750,45910,6140,2530,9110,4070,15030,82370,11510,2790,290,32350,33370,5580,20120,4200,1159680
19-1012,,,,,140,,,,,80,30,,,,50,,90,30,,,,100,100,190,120,,100,,120,,,40,,170,,,70,,,60,,,,70,40,180,,,,,,,310,,2090
19-1013,,,30,140,2520,130,,,,230,740,,,200,460,,330,300,70,,40,240,310,,650,,280,,410,,,1150,110,580,200,40,750,50,230,350,,50,60,50,130,570,120,60,,80,140,,630,,12430
19-1021,40,40,230,50,2100,230,100,90,60,290,220,,110,180,470,130,1640,450,160,80,,170,50,330,650,100,320,210,730,,,60,50,190,1140,220,190,60,620,180,210,,,460,100,820,60,,,120,520,,450,40,14720
19-1022,30,,,50,4960,430,410,140,,860,,,,30,1260,240,110,40,370,,230,1640,,550,1020,,,,110,,110,3540,,1530,810,,,50,140,1270,50,,50,,250,1160,210,,,500,300,,440,,22890
19-1023,110,40,120,150,5070,450,,,,260,780,,110,90,750,,200,70,80,,80,1970,1400,330,360,40,280,110,120,70,80,520,40,1340,290,,540,50,110,1060,210,,90,60,310,800,190,40,,380,290,50,340,,19830
19-1029,80,730,340,150,2200,640,,,90,1750,290,,140,580,200,30,80,150,180,50,,430,260,250,590,190,380,310,,170,120,120,160,430,470,110,160,,920,230,,40,160,190,80,290,280,110,,280,1990,140,360,320,17220
19-1031,220,340,520,250,7170,820,150,,280,1550,850,,290,270,580,360,240,250,250,600,,3540,3460,250,510,290,390,400,150,220,100,330,360,620,830,170,860,270,850,540,,40,160,100,300,2270,230,,,580,1180,180,530,170,34870
19-1032,110,190,340,260,1260,1170,50,50,260,260,410,,140,280,540,210,440,190,180,630,80,490,300,290,730,590,520,530,250,230,50,330,210,520,450,260,380,240,820,770,40,40,220,290,170,1740,260,110,,650,920,160,720,180,20510
19-1041,,60,,190,690,190,70,,,260,200,,,330,120,100,90,,140,,90,70,110,310,300,180,160,190,40,,90,,130,210,290,40,170,40,460,280,,,200,120,170,120,,80,,280,520,120,430,60,7700
19-1042,40,,130,40,750,320,120,,60,40,280,,,,200,100,40,,50,,,340,260,150,210,80,110,,,,,120,,230,100,,190,60,,110,60,,,,,410,90,,,110,270,70,,,5140
19-1099,190,,1840,140,24260,1130,1640,250,690,1940,1390,,310,130,2820,1470,920,600,650,140,190,5010,9710,2790,2290,300,2100,130,460,280,370,4150,370,9900,3230,30,4210,220,1930,6750,60,,310,140,1540,3540,550,290,,1900,4430,80,1000,,108770
19-2011,90,,80,,1700,60,160,,,140,70,,90,40,370,,120,,130,60,,300,770,,540,,100,,,40,,460,,140,130,150,60,,150,190,40,,,,70,280,,,,180,200,,40,,6950
19-2012,,,200,,190,,,,,,,,90,,,,,,,,,,70,,,,,,,,,,,,,,,,,,,,,,,220,,,,,,,,,770
19-2021,190,,70,,2860,1010,100,,570,540,100,,50,160,690,210,30,,,,,1140,360,410,130,90,120,,,,70,390,1640,1070,380,,510,50,90,210,,60,190,,220,970,30,,,830,460,,350,,16350
19-2031,,150,90,,700,1580,30,,60,460,80,,60,50,,70,90,100,90,60,70,590,480,120,250,60,140,100,110,90,70,120,150,470,160,,110,150,130,90,,,60,,120,650,160,,,400,270,,100,70,8960
19-2032,650,130,570,370,11660,1870,1470,,250,2370,1310,,120,320,3380,2280,380,490,920,750,140,3240,2860,2920,1680,,1880,160,620,250,270,6410,300,4170,3720,130,4110,460,660,5250,1160,190,1100,150,1140,6400,880,170,,1540,1590,210,2580,110,85740
19-2041,80,,60,,1450,150,60,70,,130,,,,30,290,,,,40,130,,130,390,370,190,,120,,,90,70,150,100,370,230,,640,,40,390,,,50,,180,320,50,,,350,,40,70,,6830
19-2042,880,640,1320,480,14790,3140,810,410,1390,5320,1160,,640,440,2740,820,640,640,960,1280,410,2010,1770,2140,1660,450,940,390,430,770,400,2900,1110,3700,3370,280,3140,430,900,2260,460,260,370,240,1210,5050,620,430,50,2840,3340,500,950,450,84730
19-2043,280,460,390,60,3910,2180,130,60,,570,280,,50,110,290,280,70,260,220,1100,110,440,170,400,220,360,210,240,70,720,90,290,350,940,440,50,350,1090,300,1030,,120,170,70,220,9070,210,50,,400,1070,90,,200,30240
19-2099,,60,270,,730,410,40,,,230,40,,,190,80,40,,,,,50,50,50,90,350,,80,140,90,140,60,220,150,230,200,60,250,40,210,140,,,100,,90,340,120,,,70,370,,180,30,5990
19-3011,80,120,70,,2410,480,60,,670,450,380,,140,190,590,970,40,140,150,50,,1580,260,1550,,300,110,90,60,200,80,510,740,970,810,70,400,,300,350,110,,100,40,80,1100,110,,,1040,310,80,90,,18430
19-3022,30,40,100,90,1540,190,200,30,7420,210,380,,140,,360,,50,40,70,40,,650,,270,350,,280,80,30,110,70,130,70,570,190,,120,30,230,540,80,,100,,60,930,60,90,,1170,310,30,400,40,17920
19-3031,,,160,60,1360,150,200,60,510,450,180,,160,,770,380,,300,80,,30,880,520,400,120,,160,,210,,,730,30,610,230,,130,,80,960,,,60,,60,570,180,,,310,140,,50,50,11330
19-3032,560,270,2500,450,18990,2830,1760,340,430,2720,2070,,790,420,3930,1300,650,1230,1060,600,260,2130,4900,2750,3320,370,1540,450,490,490,390,3600,910,11230,3090,260,3110,920,1130,5040,280,610,1170,250,1700,5820,1410,410,,2340,2050,610,2150,200,108280
19-3039,,,,,,,,,,,,,,,,,,,,,,,120,,,,50,,,,,30,,,,,,,,50,,,,,,,,,,310,,,,,560
19-3041,130,,140,80,1800,260,210,,210,1470,340,,,50,800,180,70,110,160,220,40,520,900,270,210,70,190,50,,,,100,90,610,310,,360,100,180,440,160,60,140,40,180,660,,,,340,390,110,180,30,12960
19-3051,,,30,,1100,,,,,80,,,,,80,,,,,,,30,80,70,,,,,,,,60,,290,180,,80,,40,80,,,,,,100,30,,,100,80,,140,,2650
19-3091,360,190,740,90,6770,810,380,230,240,1920,470,60,430,290,690,580,210,260,300,70,110,990,1200,670,1050,180,280,260,230,210,180,450,370,1430,1230,50,570,170,880,1640,70,140,380,200,340,2130,320,180,,1210,2070,70,470,120,34940
19-3092,80,120,320,30,1320,230,,,70,170,80,,160,120,70,100,30,,80,110,,180,,,30,,130,60,,160,,,320,80,80,,110,,430,80,,,50,50,90,310,110,,,150,220,50,,80,5860
19-3093,,,40,,110,60,,,,,50,,,,,,,,,,,180,,,,,40,,,,,,,,,,,,40,30,,,,,,120,,,,70,30,,,,770
19-3094,40,,,,260,60,,,,60,80,,,,70,30,,,,,,80,40,40,,120,80,,,,,110,,460,40,,70,30,50,100,,,,,,120,60,,,140,,,50,,2190
19-3099,,,140,,300,,,,3790,,40,,,,40,,,,,,,100,50,,,,,,,,,,,80,,,40,,,60,,,,,,370,,,,850,100,,,,5960
19-4011,,180,530,,4440,680,360,50,3280,1760,1130,,360,50,1070,200,,260,370,210,130,2230,650,440,260,200,200,50,160,130,50,400,190,2470,1200,80,1680,150,310,540,180,60,190,90,380,2140,260,40,,4850,740,190,210,40,35820
19-4021,100,,160,580,2840,180,,,,210,610,,60,450,710,630,1360,360,340,170,40,280,100,240,1020,220,450,50,460,,,280,120,930,500,170,510,290,670,570,,,,250,350,1930,100,90,,360,330,,1120,,20190
19-4031,340,420,1180,260,12890,2860,1130,110,,2060,1200,80,610,810,1150,1430,1090,690,680,200,530,3520,5470,1110,990,390,1210,410,370,320,570,1320,320,3440,2260,,2930,1090,2730,3990,530,100,580,210,660,3760,710,110,,1790,2760,190,1050,250,74860
19-4041,930,140,890,600,6710,950,780,640,50,2010,1270,,,240,2120,1570,480,500,620,2050,130,1080,1970,2240,1470,340,1200,120,320,1040,180,4170,230,2710,2110,70,3760,540,270,3980,1170,140,1060,90,1550,6260,970,70,,1240,910,600,1800,330,66670
19-4051,90,490,100,40,1440,590,,,,120,140,,,50,90,,,110,80,740,,40,30,120,100,210,50,60,,230,,,150,70,,,130,1340,50,630,,,50,,50,6340,200,,,40,90,210,,300,14570
19-4061,,,,,120,,130,,,,,,,330,680,,,,,290,,,,140,,,90,,,,,30,,,,,,,,870,,,900,,240,270,,,,360,40,,,,4490
19-4091,,40,1810,240,2810,290,110,30,3620,340,750,,120,,830,1180,110,,80,90,170,590,1240,530,160,,190,,300,150,,250,,6340,1210,,320,140,320,1020,,,220,,260,1400,470,,,900,330,420,380,,29760
19-4092,340,110,720,170,4560,830,310,210,50,1400,690,,240,330,810,630,190,380,270,450,120,440,640,840,690,230,450,80,120,480,200,980,220,2170,1110,110,1530,370,260,1080,70,50,210,80,690,3630,310,80,30,680,1050,720,510,130,33050
19-4093,270,,760,140,2040,320,110,,,1480,450,,60,100,690,280,80,320,60,190,50,380,40,270,50,100,300,50,100,230,30,90,110,720,500,,370,,220,250,,,100,30,390,1030,120,,,660,460,130,170,50,14350
19-4099,240,460,1350,240,6960,1170,,,,200,270,,110,2330,490,90,400,90,190,120,40,130,110,310,530,230,180,2080,140,510,90,30,980,410,560,130,240,110,2580,350,,,240,,,370,1370,,,260,1290,90,570,660,29300
21-0000,890,300,860,370,7660,930,720,,290,2960,1470,,650,,3400,1090,840,350,890,540,210,3150,2400,5480,800,190,1830,130,290,680,110,1600,450,5120,1130,250,1580,1130,1380,2120,470,70,160,80,1090,7790,470,60,,1660,1420,160,870,130,68670
21-1011,17520,7480,42050,13790,234350,35150,35490,6710,11840,84600,44750,870,10500,12330,76500,35300,21210,16680,26340,24600,10900,43280,81560,57470,53060,13890,41690,9770,14620,11810,7590,61970,13430,175790,49510,5670,76540,26030,35930,108820,15520,9230,24850,6550,30600,111510,18490,9190,450,54300,42840,10890,40180,4090,2036080
21-1012,830,290,2900,670,9050,1540,2600,280,180,4440,970,,370,380,3340,900,1270,980,1260,650,440,2540,5010,1840,2420,630,1810,470,570,460,220,2840,710,7600,1820,300,2660,1180,1740,6730,40,230,830,490,1660,3760,910,340,,2750,2810,380,1810,190,91090
21-1013,3360,790,7710,1960,28560,4220,4650,1030,1490,11230,9550,150,1510,1440,10340,3960,2550,2190,3540,3710,1320,6130,7240,5800,4020,1990,6610,790,1640,2010,1190,6800,1570,22630,6400,780,9490,3620,2340,8790,1400,1020,4500,780,4150,23890,2910,770,130,6610,4740,1490,4290,600,262380
21-1014,190,40,1740,70,10350,570,370,240,,3030,240,,,,410,620,340,350,240,,,1310,330,320,1080,100,430,,90,360,60,4080,60,720,370,130,450,460,400,1350,,,90,90,680,1250,260,,,1000,350,520,1000,40,36180
21-1015,970,650,1110,770,15300,5100,2090,450,930,3990,2550,,290,1080,5150,2210,1470,630,2140,2310,290,2390,6830,2580,4140,940,2860,1030,940,680,950,4790,1110,6970,4000,70,4750,2280,2720,13020,120,300,770,450,2470,4850,1210,670,,8980,4050,670,2550,320,139940
21-1019,1030,290,770,380,11240,1670,2490,360,810,2820,1050,,180,1910,2970,1010,1700,710,870,740,550,1970,5920,2700,3580,510,2890,460,600,300,450,1570,430,8730,2640,240,4420,1940,1820,7930,250,510,640,480,2960,3950,490,520,,3010,4880,950,1840,150,103280
21-1021,120,150,460,110,3390,310,620,70,200,2460,690,,90,,1780,120,260,,120,2160,,660,290,140,660,,150,30,,,140,980,220,800,,190,1180,,350,1050,150,,,,480,5470,,40,,550,370,30,660,,27700
21-1022,3410,1290,6270,1450,30310,6460,5650,1200,2090,9780,6670,60,1790,1470,12150,6100,3140,2320,7800,1090,1500,4720,11970,13490,7210,2560,8070,1420,2340,3230,460,6310,2090,22630,10140,710,9150,6890,3230,18580,3660,1740,3440,1620,4790,16640,1920,1500,,8620,6160,1030,3470,770,302560
21-1023,2160,370,4440,1310,14530,2280,2120,540,580,6390,4320,50,1000,550,5050,4470,1420,1060,1740,1740,770,3960,12610,6070,3110,1530,4300,580,1130,610,610,3190,1070,12540,3540,340,9140,2110,1480,7280,590,770,2010,550,3040,9840,1130,400,,2990,3000,700,2690,180,159980
21-1029,1150,460,2510,830,12850,1770,2030,420,540,3190,1330,80,570,510,3360,2080,990,900,820,1210,1180,2320,5810,3730,2950,820,2820,550,390,670,220,1600,900,11040,3500,290,4980,1360,2110,10170,250,750,,290,1630,3310,1130,980,,4210,2300,190,1520,130,111700
21-1091,350,190,1440,580,10890,1170,,100,290,1590,1130,50,270,80,5210,450,390,570,620,870,500,1040,660,780,920,710,950,610,150,280,80,510,520,8150,,340,3210,380,1740,1210,1470,90,2980,90,940,1680,480,100,,560,750,270,890,170,59450
21-1092,300,300,1330,220,7990,780,640,180,690,3250,3190,110,330,460,1770,1020,510,370,530,570,350,1890,1840,1310,1470,510,1150,310,660,190,180,550,500,4890,940,220,1870,970,740,2140,530,260,840,140,960,2570,370,200,,1180,1590,470,1660,200,58190
21-1093,1090,300,1980,900,11760,2390,,,,4420,2510,,50,630,2190,1850,610,720,,1050,350,1770,1050,2630,1380,520,2350,360,520,860,210,2740,780,4450,2890,170,2920,1250,1590,4310,,,440,430,1800,8070,650,200,,2880,2110,840,1430,180,84580
21-1094,1250,1350,6130,3550,41130,2360,7760,810,2020,11730,6240,100,1750,2630,12780,6480,4580,3810,4020,3490,3060,8200,16760,9480,13820,1970,3960,1280,3920,1360,2050,20480,2360,33350,7470,1470,15480,1540,6130,19360,5020,2400,4730,910,2250,16620,5610,2480,60,6750,6100,2040,12600,860,365900
21-1099,760,510,1110,310,6120,680,540,180,760,2240,1040,,480,460,2550,1200,420,450,710,720,200,1400,3130,1730,1360,500,1360,190,590,170,190,920,520,4010,780,140,1520,1340,630,1550,250,100,240,,890,3370,550,400,,530,1050,490,750,90,52180
21-2011,,240,1100,280,10840,2820,1390,370,700,10060,1640,,700,110,3530,1660,980,1230,440,3860,140,1730,1240,550,3660,290,1160,530,650,450,450,2940,420,14910,2570,110,3050,180,2000,1370,1040,330,50,,1180,2780,200,500,60,1820,1550,610,2290,140,92900
21-2021,440,120,880,320,5210,490,450,70,110,2160,620,50,500,210,2090,810,320,310,580,280,60,660,650,2460,840,200,730,630,370,130,90,1190,150,8490,960,120,1680,390,4660,2060,130,330,500,170,630,2480,,40,,1190,510,140,620,,49280
21-2099,,40,,90,3820,180,70,,180,1190,490,,410,50,1210,240,100,30,40,,,380,200,1730,340,70,90,450,70,,,210,,3350,130,,360,50,1550,1410,60,110,90,50,90,530,60,,,560,150,50,110,,20390
23-0000,30,,80,,990,380,,,160,630,,,60,,620,130,160,,,,,,,140,100,,,30,,,,280,,530,260,40,240,,720,500,,,,,,440,,,,110,400,,,,7030
23-1011,9820,2100,19070,6420,124150,20370,13600,4950,38960,84040,29320,370,4110,3620,44870,14740,7420,7160,9600,13130,3480,25160,29200,25720,18640,5750,18130,3650,4760,8420,3120,32290,5760,108300,22010,2100,30740,12380,12030,42610,4250,3810,13080,1660,13540,83070,8730,2250,480,36160,20440,5580,13930,1580,1080630
23-1012,5380,930,9910,3040,76840,11230,7260,2590,31470,47590,16870,200,2040,1970,30250,7360,3280,3650,5350,6840,1740,11490,17440,14850,10450,3070,9640,1970,2920,5050,1590,19870,2890,72760,11330,1000,15920,6360,6530,25320,2660,1800,6200,760,7570,43240,4580,1120,270,16890,10760,2260,7530,810,622690
23-1021,,,440,70,,170,250,,,200,550,,,90,160,70,,30,50,180,30,1190,,,430,70,130,90,40,120,,550,,690,,40,350,50,40,1150,,,150,,140,670,460,,,90,460,160,110,,9470
23-1022,120,,340,380,1610,210,210,80,,550,530,,50,60,540,90,70,50,380,260,130,200,140,470,140,90,180,60,70,150,120,290,140,1410,,,460,180,420,850,50,70,110,,300,1210,160,50,,510,320,110,80,,14000
23-1023,50,,400,,900,60,60,,100,310,150,,30,,220,,80,60,,,30,70,90,300,110,,140,70,,,50,50,,470,90,,120,,50,340,80,,80,,110,450,30,,,,150,,160,,5460
23-2011,500,80,800,320,,590,240,120,,1330,1400,,130,140,,790,390,310,290,210,80,510,,780,470,310,570,80,,230,,970,300,3250,,90,2420,930,360,270,470,110,640,40,400,2790,100,,,,990,300,90,,25190
23-2091,2870,730,5550,1490,29190,5750,4920,1210,5400,24430,8170,50,1140,860,10390,3790,,1860,3020,4070,1170,6200,7880,5570,4770,1780,4790,880,1250,1930,1120,7870,1600,22210,8920,410,7890,2800,3290,10800,590,1220,5340,350,3830,22120,2620,660,120,,5270,2150,4690,520,267500
23-2093,330,,190,190,,340,290,60,,1120,690,,90,60,840,780,230,220,40,400,,2440,280,880,360,70,220,60,80,110,,160,130,1380,90,80,440,,,840,140,,140,50,130,1370,,,,,,70,100,,15490
23-2099,270,110,770,620,5340,,110,,60,4090,330,,300,370,1620,1240,750,510,220,780,,1090,480,1720,1360,240,,290,260,450,130,1830,420,3450,760,410,2130,1680,740,2240,90,300,240,410,710,8830,580,,,980,1390,260,770,170,51900
25-0000,280,130,670,280,6290,1270,260,660,1500,4440,640,,250,50,810,,,470,210,,120,1970,290,750,550,110,710,140,90,360,120,700,200,2680,620,50,1010,240,540,800,170,140,190,,350,2410,130,80,,8120,810,250,390,,43300
25-1011,102910,21460,138750,74080,990420,144710,125420,25080,33830,417640,261120,4420,42590,41300,373290,160400,101590,89190,103960,108480,39360,169360,235890,236510,164560,75450,160540,27510,57760,53520,44280,307080,52400,691770,266340,22550,317620,93040,103930,338260,67220,33470,114000,24170,151460,739040,84850,26710,2510,240180,182060,41470,164820,20230,8710560
25-1021,1020,350,1270,620,5320,1680,1690,450,1480,3510,2490,,210,260,2660,2300,1040,340,780,1040,270,970,3060,2270,1510,570,1320,170,610,300,500,2530,420,8560,2920,190,4450,1010,480,5980,1140,420,1380,290,2020,5430,910,190,,2560,1400,560,1150,140,84190
25-1022,340,,270,250,2330,490,320,140,160,1860,720,,110,90,1080,800,350,170,410,180,90,870,1140,800,490,160,680,90,200,140,140,1510,270,3150,1550,110,1260,300,220,1710,300,130,700,140,470,2510,440,80,,1360,810,270,540,40,32740
25-1031,650,90,940,400,5050,1060,670,170,200,2280,1150,,200,280,1920,960,650,280,660,220,300,970,1730,1610,690,310,760,140,240,200,190,2130,220,4880,2020,130,1930,600,500,2990,240,240,810,160,950,4580,540,210,,1850,1050,240,840,190,52270
25-1032,80,,80,50,430,120,140,,,140,220,,,,70,50,70,,70,,,80,720,,110,,70,,,,,230,,1010,180,,450,,40,600,40,200,130,,90,890,60,,,110,,,70,,6600
25-1041,530,,300,250,2080,1050,630,230,,1370,1560,,,210,570,1620,610,70,260,240,160,,2030,1560,370,160,770,90,110,160,170,1410,270,3090,1620,140,1230,280,210,3300,430,200,640,130,590,3690,350,,,720,770,270,570,100,37170
25-1042,240,50,40,300,430,100,,,,380,310,,,50,60,,280,70,170,40,,160,80,260,210,150,230,,180,,,40,,360,340,190,,250,140,400,,,,80,250,1790,150,,,,,,230,80,8090
25-1043,580,130,680,360,4470,990,1030,,230,1890,1030,,580,260,2170,1310,680,210,670,250,200,940,2770,1260,730,290,1060,160,390,160,320,1640,210,4230,2070,90,1670,570,350,3540,220,170,660,160,840,3920,520,250,,1750,1120,220,830,120,50950
25-1051,,,,,50,70,,,,80,150,,,,,,,,,,,,,40,,,,,,,,,,110,110,,,,50,120,30,,,,40,90,,,,,80,40,40,,1100
25-1052,60,,650,30,1530,370,,,,330,100,,,90,160,120,50,60,50,40,250,,320,170,80,40,50,,,,110,,90,880,280,70,280,,90,1030,,,110,,90,1060,170,,,310,420,,350,50,9940
25-1053,260,,160,150,1510,400,280,80,100,850,540,,60,140,850,380,220,70,230,120,90,280,920,500,390,120,390,70,140,90,110,820,120,2170,960,70,750,200,190,1540,240,90,290,90,410,1860,240,90,,710,580,110,400,40,21470
25-1054,,,,,250,100,220,,,90,,,,,60,240,80,,,50,50,230,250,240,70,30,110,60,,60,100,300,50,660,170,,150,,40,330,,,,,,250,90,70,,,150,100,80,,4730
25-1061,150,,180,90,1120,290,170,,90,500,230,,60,50,450,370,140,30,160,90,70,480,610,510,270,70,240,,80,,100,550,140,1430,480,,530,120,110,950,,100,120,40,250,1210,170,50,,390,450,70,210,,13970
25-1062,40,,80,30,510,170,80,,40,150,100,,50,60,170,50,60,,110,,,,190,190,120,,60,,,,,300,50,960,210,,210,,60,280,,,,,80,330,,,,100,320,,120,,5280
25-1063,,,180,40,970,210,540,,,260,,,150,30,230,50,,,50,,,190,320,130,250,30,50,30,,,90,,,1260,270,,440,30,40,500,,,70,,70,690,40,,,370,160,,130,50,7920
25-1064,130,,90,40,880,250,220,,250,300,300,,70,120,430,310,170,40,150,80,70,290,800,230,310,40,190,,,70,110,330,70,1480,580,60,400,100,80,990,,100,110,70,230,1050,,130,,490,260,60,190,,12720
25-1065,60,,60,,310,150,,,,80,,,50,,120,40,30,,70,,,190,190,160,100,,90,40,,50,,80,30,250,160,,200,80,,320,,,,,60,230,,50,,190,150,30,130,,3750
25-1066,150,,170,70,950,310,280,50,1340,290,380,,50,50,450,280,130,50,180,,100,270,840,400,260,70,370,50,80,,90,800,60,1510,500,,510,190,100,1060,,110,130,40,200,1760,130,110,,800,490,60,210,40,16520
25-1067,350,,270,160,4130,860,500,70,200,1400,720,,170,100,1000,710,410,150,830,,190,570,1470,890,580,260,730,340,220,,270,1490,230,4370,1190,80,1180,360,390,2510,560,150,330,100,740,3020,460,,,1080,930,200,500,50,37470
25-1069,120,,110,80,930,280,200,90,80,360,200,,150,70,370,390,180,70,140,,90,210,640,600,290,100,190,40,130,,90,460,50,1490,760,30,590,170,130,1270,120,110,230,70,190,1230,70,100,,380,400,80,400,,14530
25-1071,,,60,190,2380,70,70,,,910,180,,,30,760,80,,80,120,,70,280,570,480,50,50,180,40,40,,,470,100,2580,520,70,350,100,190,440,510,,160,,190,350,80,,,50,210,120,200,,13380
25-1072,2960,,4060,1550,12410,5510,3260,260,570,9090,,,220,890,7780,3040,2550,550,2820,790,550,,5220,7000,3260,1480,5910,210,1710,860,620,3040,1280,21400,9910,330,8640,2890,3690,6710,1510,340,3150,140,5220,7840,1910,110,,5220,3410,1620,5160,220,178870
25-1081,1530,40,540,530,3870,1490,1130,320,280,2590,1000,,270,240,1510,1620,520,670,1090,960,240,1250,1360,1200,1400,620,1170,170,560,300,250,2060,260,4290,1980,180,3250,760,590,3210,800,200,840,250,920,4170,300,,,1650,1000,350,1050,120,56950
25-1082,810,130,900,470,3690,1430,590,200,280,2140,2190,,590,300,2350,1800,780,,1030,180,260,1140,1670,1350,1120,450,1360,180,320,430,270,1850,250,5950,2140,240,3050,660,490,3420,700,150,780,230,1010,4540,850,190,,,1060,440,880,90,57380
25-1111,130,,,,240,100,,,,50,100,,,,460,50,50,,90,30,,,100,100,,60,80,,,,,140,70,520,150,,330,100,,370,50,,70,,170,330,40,,,,170,,,,4150
25-1112,90,,100,80,990,390,140,40,,1060,170,,40,,290,170,130,80,160,40,60,240,460,410,270,50,300,,100,70,50,570,60,1810,1850,40,490,80,50,740,70,,200,40,200,1080,310,,,300,260,70,160,40,14400
25-1113,130,,130,80,1540,220,,,1050,660,260,,,,830,,50,60,200,,30,50,1090,270,330,110,150,,,,,450,50,2820,510,,650,,60,540,40,,100,,170,950,150,,,590,160,50,140,,14670
25-1121,110,,,90,290,320,380,80,,330,,,,30,460,420,130,,200,60,120,80,490,430,,60,160,30,60,,60,680,80,2010,500,50,550,60,,690,50,60,100,70,170,660,90,,,390,180,40,170,,10990
25-1122,690,,1410,530,13640,2180,1130,230,670,3220,1300,,340,310,2450,1770,1070,540,1130,510,230,1710,5120,2660,1720,600,1580,230,410,330,650,2820,460,11860,2910,190,4350,730,950,6120,460,670,910,200,1820,6730,1490,370,,,2720,530,1600,180,96430
25-1123,220,,250,270,2520,620,380,,240,1280,440,,120,160,1270,620,460,130,570,80,70,270,700,930,560,150,610,110,160,,80,1290,190,2670,950,110,1300,280,250,1610,60,110,220,70,340,2570,330,110,,,600,220,620,60,27230
25-1124,870,,690,530,7020,1330,840,250,340,2590,1530,,370,320,2440,1090,760,330,870,,400,1380,3060,2050,1150,460,980,140,320,320,410,3210,290,7870,2790,130,2770,710,680,4350,230,350,890,210,1240,5660,760,580,,2320,1670,430,970,120,71070
25-1125,140,,370,150,3270,490,230,,940,660,790,,310,200,700,670,310,70,280,150,90,240,1200,760,660,120,330,60,40,,170,750,110,3130,1280,50,1220,180,430,2120,280,150,340,70,420,2000,320,280,,,680,70,490,,27770
25-1126,310,,180,190,1520,380,300,50,110,440,380,,120,80,820,360,220,90,280,130,130,350,1020,520,390,200,460,60,110,,120,920,100,2000,920,40,800,220,170,1380,130,200,260,60,490,2340,190,210,,960,460,290,350,,21810
25-1191,230,,160,150,1890,490,410,,390,560,380,,140,160,560,530,350,90,320,40,100,410,720,750,500,70,590,70,120,,110,690,70,3650,970,,830,250,220,1560,,120,320,60,490,1560,150,180,,870,450,,280,,23010
25-1192,,,2710,3150,19760,2310,,,,11450,,,1610,260,6770,5710,,60,1380,1980,580,4970,680,8240,2820,480,2670,100,410,1840,,2540,1210,9280,270,,1610,1270,960,1250,1510,,250,,,14130,1940,,,2810,660,180,3360,,123170
25-1193,130,,50,40,390,,,,,90,90,,,,60,180,,,80,,,30,,,,60,30,,,,,,,,140,,,130,,130,,,,,30,400,40,,,,230,,80,,2410
25-1194,200,,300,130,2440,170,,,,350,190,,,110,360,430,270,70,200,,110,100,240,440,480,150,140,,60,,60,490,70,1500,970,40,300,210,260,1120,50,,180,150,230,1850,610,40,,860,650,140,140,40,16900
25-1199,2080,250,3110,1590,11610,2530,610,260,100,6010,4430,,830,1040,4860,1770,1280,1150,2190,1040,340,1000,2270,3130,2400,1370,2030,330,400,970,230,2810,580,4390,6430,220,4100,2500,1110,5010,2090,400,1540,350,1440,11920,2820,110,,1790,4670,860,1930,230,118510
25-2011,3190,240,990,710,,410,,60,1420,16100,5250,,370,190,,3710,3520,,1350,4890,400,,4190,9510,670,,,90,2630,1420,440,,1830,7100,3210,540,,720,,3990,1130,760,,,630,3360,,320,,,920,210,2640,470,89580
25-2012,1550,520,7170,3160,48570,8440,6160,2020,990,19160,13280,70,1610,1130,19230,5080,3830,2300,2800,3230,1220,9330,15610,7740,6580,2350,4870,1130,810,1630,2820,14050,2250,40010,12070,820,12160,4510,6800,14730,2890,1390,4610,1140,6570,27140,960,1130,140,9720,8870,1510,10120,690,388670
25-2021,1200,1000,3230,1700,16280,3840,1610,440,60,11490,6360,90,100,370,4030,2460,980,1410,2540,2550,920,2310,2960,2330,3230,1130,1890,420,1030,1260,440,5190,1160,7400,3690,510,6150,2400,1120,5000,130,540,2550,650,3150,15490,660,380,,4790,7680,1040,1670,490,151500
25-2022,24710,3020,22320,12540,149340,26510,17960,4220,2770,73190,51990,870,6170,7190,60960,26910,17190,14570,18800,23510,5850,24960,27900,39850,28360,15390,28490,4260,9930,10430,5910,44680,7950,79570,40520,4190,47130,16750,13090,51990,14240,3480,21450,3960,29950,144980,15680,3680,630,35610,24320,6230,29160,3100,1408410
25-2023,9390,1420,9910,5880,47440,13240,9240,1970,1440,31880,27240,510,1930,2760,31080,9730,6270,5770,8180,6600,2980,11550,18610,15260,10630,5780,13220,2280,3720,4440,3720,24470,4050,40350,18820,970,31180,7600,5560,24520,1090,1800,9070,2030,10340,72080,4820,1050,30,16180,9950,4520,12280,1100,627930
25-2031,70,80,250,90,630,220,200,,,380,580,,,,160,200,30,120,,90,,,240,270,110,370,,,,,,,,1930,1210,,290,240,,670,,,190,50,100,1370,80,,,360,420,,230,70,11300
25-2032,13100,2250,15180,10380,104530,16710,14890,2650,3090,44070,25600,620,3610,5230,44360,19020,12030,10480,12540,13930,5860,21780,25650,19970,20820,9040,26800,3260,7440,6060,5200,30310,6560,65880,23760,2780,52750,11720,10210,45070,9220,3690,14770,3550,19330,106870,9150,2580,590,26050,14130,3770,22760,2010,1013660
25-2051,410,180,1060,1180,4230,770,2820,,,8090,1830,,,210,1320,1320,530,760,190,1500,,770,2560,1410,630,1400,1080,230,460,250,370,2000,290,4160,4920,460,5960,800,230,4530,1910,80,1110,340,2490,9290,440,250,,2540,2780,590,550,300,81580
25-2052,50,90,360,630,1680,1010,310,,,3080,600,,260,60,1270,190,170,370,110,1620,,590,1000,380,1210,70,460,30,150,450,50,280,,4310,600,,960,110,230,1090,70,50,200,40,370,1330,,100,,630,570,,150,70,27410
25-2053,1320,760,2980,1060,16740,2960,2870,1280,740,4500,7190,,,870,6370,2720,1430,1790,3170,3010,1120,4460,6500,2520,4860,1950,1960,800,1190,830,1080,12290,810,21340,9270,680,7970,2270,1080,9410,1220,530,3190,670,5260,10770,1580,780,,5240,2940,2410,1390,610,190740
25-2054,560,200,1550,640,6910,1670,1140,,210,2000,4290,,,190,5080,930,580,600,1520,1620,500,2340,4000,1080,1460,870,1060,290,550,360,620,6650,530,11320,3260,120,4620,990,670,3250,,340,1280,290,770,6330,620,240,,2760,1230,930,630,220,89870
25-2059,710,240,2250,1340,10140,2120,2030,310,650,2240,2800,,650,330,6910,1990,1200,940,2100,2420,900,3320,4440,2060,3410,1160,2650,720,920,560,720,6280,920,17280,4350,370,6870,1330,970,7180,,390,1410,500,1900,10620,910,490,,4100,1940,720,1360,340,132460
25-3011,30,40,270,130,2780,60,280,90,200,14630,290,,170,,1150,260,160,520,580,1130,,,830,1160,660,,190,,60,200,,1980,700,,50,,690,70,1190,190,3420,830,,,670,340,190,30,,2000,100,710,260,,39290
25-3021,580,40,,560,7880,910,500,310,270,2260,1420,,360,340,2440,520,250,300,550,430,160,900,1630,1170,1270,660,450,280,440,200,170,1590,520,5010,3380,,2060,570,560,1610,140,280,370,320,670,6370,,120,,1920,2470,130,640,60,56040
25-3097,2200,360,3180,630,24600,4140,2830,350,330,13060,5900,,1230,620,10040,2750,1910,1050,1060,1330,1150,5090,9740,5590,5980,1300,3670,460,1720,1080,1400,9060,1040,34010,7320,450,6970,1040,3300,8880,490,960,2870,250,2480,14740,3640,650,,,6950,550,4190,390,224980
25-3098,3260,650,6420,1070,54430,2500,3310,630,2730,20290,7350,180,2300,1010,16370,3280,2240,2650,2910,6650,580,5860,6890,9580,3550,1520,7050,560,1440,1270,1590,8860,2130,16080,6130,330,5240,2200,3410,8660,6070,2240,,,9620,20590,2320,340,70,9080,5390,610,6160,210,295860
25-4011,11820,1600,5340,,107610,,6890,,120,17400,15330,,5240,5050,19340,15220,9540,9110,140,490,2010,8020,8080,22530,4560,5880,11590,3820,3620,6190,2240,24620,3500,43170,17800,270,18290,6700,10780,15180,,2550,6800,850,5520,64830,6950,3210,,27400,15550,2400,15020,2840,603010
25-4012,70,,60,50,520,50,80,40,180,160,60,,,,260,120,,40,,80,,270,250,110,80,,110,,,30,,100,40,880,110,,120,40,70,280,60,60,80,,90,490,,40,,100,160,,120,,5460